{"gate":"RED","generated_at":"2026-03-14T16:00:24.468461","metrics":{"alt_breadth_above_ema50":0.1,"btc_atrp_14_pct":4.368970002785912,"btc_ema200":87996.44669596768,"btc_ema200_slope_pct_20":-4.7083649857068215,"btc_ema50":72756.19359474147,"btc_price":70684.09375,"btc_volume_z_50":0.3063937038865554,"fear_greed_class":"Extreme Fear","fear_greed_index":16,"funding_rate":-4.439e-05,"gate_score_components":{"breadth":2.0,"leverage":9.0,"participation":12.0,"trend":0.0,"volatility":8.0},"open_interest_delta_z":null},"reasons":["BTC\uac00 EMA50 \uc544\ub798 (\ud558\ub77d \ucd94\uc138)","EMA200 \ud558\ub77d \uc911 (\uc7a5\uae30 \uc57d\uc138)","\ubcc0\ub3d9\uc131 \ub2e4\uc18c \ub192\uc74c (\ud729\uc3d8 \uc8fc\uc758)","\uc54c\ud2b8 breadth \ubd95\uad34 (10% > EMA50)"],"score":31,"status":"RISK_OFF"}
