{"gate":"RED","generated_at":"2026-02-24T20:00:23.749977","metrics":{"alt_breadth_above_ema50":0.0,"btc_atrp_14_pct":3.893554198330982,"btc_ema200":91767.91929575238,"btc_ema200_slope_pct_20":-5.502134958380705,"btc_ema50":76763.06186302203,"btc_price":63283.37890625,"btc_volume_z_50":-0.09826692763994298,"fear_greed_class":"Extreme Fear","fear_greed_index":8,"funding_rate":-3.266e-05,"gate_score_components":{"breadth":2.0,"leverage":9.0,"participation":6.0,"trend":0.0,"volatility":8.0},"open_interest_delta_z":null},"reasons":["BTC\uac00 EMA50 \uc544\ub798 (\ud558\ub77d \ucd94\uc138)","EMA200 \ud558\ub77d \uc911 (\uc7a5\uae30 \uc57d\uc138)","\ubcc0\ub3d9\uc131 \ub2e4\uc18c \ub192\uc74c (\ud729\uc3d8 \uc8fc\uc758)","\uac70\ub798\ub7c9 \ud3c9\ubc94 (\uc720\ub3d9\uc131 \uc720\uc785 \uc57d\ud568)","\uc54c\ud2b8 breadth \ubd95\uad34 (0% > EMA50)"],"score":25,"status":"RISK_OFF"}
