{
  "timestamp": 1773471644.162819,
  "versions": {
    "daily_prices.csv": 1771481711.6233265,
    "daily_report.json": 1773382127.8133929,
    "jongga_v2_latest.json": 1773381880.2110324,
    "kr_ai_analysis.json": 1773382127.8083925,
    "signals_log.csv": 1773382127.6907187
  }
}