{"gate":"RED","generated_at":"2026-03-19T08:00:07.474085","metrics":{"alt_breadth_above_ema50":0.2,"btc_atrp_14_pct":3.7497235686300106,"btc_ema200":87417.54136383065,"btc_ema200_slope_pct_20":-4.2629144476576055,"btc_ema50":72831.24061641969,"btc_price":71124.3203125,"btc_volume_z_50":-0.16677641790403616,"fear_greed_class":"Fear","fear_greed_index":26,"funding_rate":2.94e-06,"gate_score_components":{"breadth":2.0,"leverage":9.0,"participation":6.0,"trend":0.0,"volatility":8.0},"open_interest_delta_z":null},"reasons":["BTC\uac00 EMA50 \uc544\ub798 (\ud558\ub77d \ucd94\uc138)","EMA200 \ud558\ub77d \uc911 (\uc7a5\uae30 \uc57d\uc138)","\ubcc0\ub3d9\uc131 \ub2e4\uc18c \ub192\uc74c (\ud729\uc3d8 \uc8fc\uc758)","\uac70\ub798\ub7c9 \ud3c9\ubc94 (\uc720\ub3d9\uc131 \uc720\uc785 \uc57d\ud568)","\uc54c\ud2b8 breadth \ubd95\uad34 (20% > EMA50)"],"score":25}
