{"gate":"RED","generated_at":"2026-03-20T08:18:10.808049","metrics":{"alt_breadth_above_ema50":0.1,"btc_atrp_14_pct":3.797041341668408,"btc_ema200":87243.79871186685,"btc_ema200_slope_pct_20":-4.182855222361875,"btc_ema50":72733.21749584003,"btc_price":70215.1484375,"btc_volume_z_50":-0.24141380076927216,"fear_greed_class":"Extreme Fear","fear_greed_index":23,"funding_rate":-5.91e-06,"gate_score_components":{"breadth":2.0,"leverage":9.0,"participation":6.0,"trend":0.0,"volatility":8.0},"open_interest_delta_z":null},"reasons":["BTC\uac00 EMA50 \uc544\ub798 (\ud558\ub77d \ucd94\uc138)","EMA200 \ud558\ub77d \uc911 (\uc7a5\uae30 \uc57d\uc138)","\ubcc0\ub3d9\uc131 \ub2e4\uc18c \ub192\uc74c (\ud729\uc3d8 \uc8fc\uc758)","\uac70\ub798\ub7c9 \ud3c9\ubc94 (\uc720\ub3d9\uc131 \uc720\uc785 \uc57d\ud568)","\uc54c\ud2b8 breadth \ubd95\uad34 (10% > EMA50)"],"score":25,"status":"RISK_OFF"}
