{"gate":"RED","generated_at":"2026-03-21T08:00:05.842958","metrics":{"alt_breadth_above_ema50":0.1,"btc_atrp_14_pct":3.588313932044395,"btc_ema200":87081.12912383414,"btc_ema200_slope_pct_20":-4.114598159771682,"btc_ema50":72645.68038984326,"btc_price":70791.5234375,"btc_volume_z_50":-0.5189035652193187,"fear_greed_class":"Extreme Fear","fear_greed_index":11,"funding_rate":-1.524e-05,"gate_score_components":{"breadth":2.0,"leverage":9.0,"participation":2.0,"trend":0.0,"volatility":8.0},"open_interest_delta_z":null},"reasons":["BTC\uac00 EMA50 \uc544\ub798 (\ud558\ub77d \ucd94\uc138)","EMA200 \ud558\ub77d \uc911 (\uc7a5\uae30 \uc57d\uc138)","\ubcc0\ub3d9\uc131 \ub2e4\uc18c \ub192\uc74c (\ud729\uc3d8 \uc8fc\uc758)","\uac70\ub798\ub7c9 \ubd80\uc871 (\uad00\uc2ec \uc800\uc870)","\uc54c\ud2b8 breadth \ubd95\uad34 (10% > EMA50)"],"score":21}
