{"gate":"YELLOW","generated_at":"2026-03-18T20:00:10.308542","metrics":{"alt_breadth_above_ema50":0.6,"btc_atrp_14_pct":3.320452404104583,"btc_ema200":87445.31553982568,"btc_ema200_slope_pct_20":-4.232496998002792,"btc_ema50":72940.70354534125,"btc_price":73915.625,"btc_volume_z_50":-0.6627068666213263,"fear_greed_class":"Fear","fear_greed_index":26,"funding_rate":-7.405e-05,"gate_score_components":{"breadth":12.0,"leverage":9.0,"participation":2.0,"trend":12.0,"volatility":14.0},"open_interest_delta_z":null},"reasons":["BTC\uac00 EMA50 \uc704\uc9c0\ub9cc EMA200 \uc544\ub798 (\ub2e8\uae30 \ubc18\ub4f1)","EMA200 \ud558\ub77d \uc911 (\uc7a5\uae30 \uc57d\uc138)","\uac70\ub798\ub7c9 \ubd80\uc871 (\uad00\uc2ec \uc800\uc870)"],"score":49}
