signal_date,ticker,foreign_5d,inst_5d,score,contraction_ratio,entry_price,status,exit_price,exit_date,return_pct,hold_days
2026-02-05,000100,253791,-77489,70.3,0.635,108800.0,CLOSED,107200.0,2026-02-10,-1.47,5
2026-02-05,000680,185608,-2905,71.3,0.542,3545.0,CLOSED,3455.0,2026-02-10,-2.54,5
2026-02-05,000720,244741,12256,81.7,0.643,113000.0,CLOSED,114200.0,2026-02-10,1.06,5
2026-02-05,001060,108045,-66256,64.6,0.72,26700.0,CLOSED,32400.0,2026-02-10,21.35,5
2026-02-05,001520,110095,-59525,77.8,0.424,849.0,CLOSED,935.0,2026-02-10,10.13,5
2026-02-05,001620,129708,37043,75.6,0.478,591.0,CLOSED,572.0,2026-02-10,-3.21,5
2026-02-05,001680,69513,-15375,64.6,0.423,22350.0,CLOSED,22550.0,2026-02-10,0.89,5
2026-02-05,001780,251420,3653,73.9,0.462,2095.0,CLOSED,2230.0,2026-02-10,6.44,5
2026-02-05,002240,58373,-2068,63.0,0.459,22000.0,CLOSED,22850.0,2026-02-10,3.86,5
2026-02-05,002990,83380,-7043,67.2,0.695,4205.0,CLOSED,4480.0,2026-02-10,6.54,5
2026-02-05,003490,727382,-788411,87.3,0.689,23750.0,CLOSED,24150.0,2026-02-10,1.68,5
2026-02-05,004980,97126,-3545,62.4,0.646,9550.0,CLOSED,10270.0,2026-02-10,7.54,5
2026-02-05,005010,323789,-3177,75.0,0.267,4250.0,CLOSED,4230.0,2026-02-10,-0.47,5
2026-02-05,006360,336307,-189605,71.9,0.503,18900.0,CLOSED,20300.0,2026-02-10,7.41,5
2026-02-05,006740,54148,-46,64.2,0.704,825.0,CLOSED,808.0,2026-02-10,-2.06,5
2026-02-05,006910,455037,-193,67.8,0.506,8140.0,CLOSED,8260.0,2026-02-10,1.47,5
2026-02-05,007070,172751,33386,65.5,0.592,21150.0,CLOSED,20950.0,2026-02-10,-0.95,5
2026-02-05,008970,604758,-1380,65.5,0.504,1878.0,CLOSED,1786.0,2026-02-10,-4.9,5
2026-02-05,009410,262467,-153224,71.4,0.453,1712.0,CLOSED,1589.0,2026-02-06,-7.18,1
2026-02-05,009520,176415,324904,80.4,0.576,20600.0,CLOSED,18930.0,2026-02-06,-8.11,1
2026-02-05,009730,298013,1965,75.9,0.775,651.0,CLOSED,631.0,2026-02-10,-3.07,5
2026-02-05,009810,55357,-76,75.2,0.0,261.0,CLOSED,261.0,2026-02-10,0.0,5
2026-02-05,009900,82166,23682,72.8,0.742,9350.0,CLOSED,9240.0,2026-02-10,-1.18,5
2026-02-05,010620,189955,-112800,68.3,0.0,223000.0,CLOSED,223000.0,2026-02-10,0.0,5
2026-02-05,010950,119349,43597,80.4,0.721,99800.0,CLOSED,99300.0,2026-02-10,-0.5,5
2026-02-05,011170,184026,-146650,63.5,0.651,73700.0,CLOSED,74900.0,2026-02-10,1.63,5
2026-02-05,011690,78158,-8427,73.0,0.422,4205.0,CLOSED,6930.0,2026-02-10,64.8,5
2026-02-05,012340,52850,11610,66.9,0.75,470.0,CLOSED,472.0,2026-02-10,0.43,5
2026-02-05,012510,162647,-78108,63.6,0.495,92700.0,CLOSED,83600.0,2026-02-06,-9.82,1
2026-02-05,012690,72108,-320,75.0,0.628,2215.0,CLOSED,2205.0,2026-02-10,-0.45,5
2026-02-05,013520,146498,-1710,73.1,0.742,2435.0,CLOSED,2540.0,2026-02-10,4.31,5
2026-02-05,013570,134578,-490,68.7,0.4,5260.0,CLOSED,5260.0,2026-02-10,0.0,5
2026-02-05,015750,213908,97379,80.2,0.481,7660.0,CLOSED,7680.0,2026-02-10,0.26,5
2026-02-05,017000,55315,0,73.2,0.325,3105.0,CLOSED,3385.0,2026-02-10,9.02,5
2026-02-05,017040,252265,-132,72.8,0.5,1468.0,CLOSED,1480.0,2026-02-10,0.82,5
2026-02-05,017510,138039,8785,75.8,0.648,10410.0,CLOSED,10180.0,2026-02-10,-2.21,5
2026-02-05,019210,66214,-9892,63.8,0.51,5400.0,CLOSED,9570.0,2026-02-10,77.22,5
2026-02-05,023800,60200,-8253,69.0,0.403,7240.0,CLOSED,7390.0,2026-02-10,2.07,5
2026-02-05,024740,141023,0,76.5,0.385,2390.0,CLOSED,2320.0,2026-02-10,-2.93,5
2026-02-05,024880,144428,-3782,74.8,0.415,6240.0,CLOSED,6060.0,2026-02-10,-2.88,5
2026-02-05,025540,82433,-66097,61.6,0.585,74900.0,CLOSED,73700.0,2026-02-10,-1.6,5
2026-02-05,025980,2037421,-151919,81.43600000000002,0.585,7940.0,CLOSED,8480.0,2026-02-10,6.8,5
2026-02-05,027580,217249,0,78.1,0.525,808.0,CLOSED,783.0,2026-02-10,-3.09,5
2026-02-05,028260,295505,-93969,73.8,0.704,316500.0,CLOSED,289500.0,2026-02-06,-8.53,1
2026-02-05,031210,142057,32378,65.1,0.732,51600.0,CLOSED,54800.0,2026-02-10,6.2,5
2026-02-05,031820,135073,-4916,74.3,0.684,603.0,CLOSED,612.0,2026-02-10,1.49,5
2026-02-05,032820,191139,-1196269,87.3,0.5,9350.0,CLOSED,9530.0,2026-02-10,1.93,5
2026-02-05,033130,58423,0,75.5,0.684,2080.0,CLOSED,1797.0,2026-02-05,-13.61,0
2026-02-05,033340,1192197,0,82.4,0.723,1720.0,CLOSED,1822.0,2026-02-10,5.93,5
2026-02-05,033530,199645,-113718,74.0,0.73,10800.0,CLOSED,10650.0,2026-02-10,-1.39,5
2026-02-05,033780,127681,-166508,66.9,0.46,143500.0,CLOSED,168600.0,2026-02-10,17.49,5
2026-02-05,034020,326532,-1604024,78.2,0.764,90600.0,CLOSED,95500.0,2026-02-10,5.41,5
2026-02-05,036170,116670,0,75.6,0.675,1750.0,CLOSED,1626.0,2026-02-06,-7.09,1
2026-02-05,036460,100831,-162719,61.5,0.362,39100.0,CLOSED,41450.0,2026-02-10,6.01,5
2026-02-05,037270,349053,-90814,77.0,0.634,7100.0,CLOSED,7280.0,2026-02-10,2.54,5
2026-02-05,038110,326852,-122,75.6,0.625,3205.0,CLOSED,3295.0,2026-02-10,2.81,5
2026-02-05,038540,86778,54352,67.5,0.503,1945.0,CLOSED,1904.0,2026-02-10,-2.11,5
2026-02-05,039980,334738,0,67.6,0.434,1800.0,CLOSED,1718.0,2026-02-10,-4.56,5
2026-02-05,040300,114901,0,69.8,0.368,3570.0,CLOSED,3440.0,2026-02-10,-3.64,5
2026-02-05,041440,112969,1,64.0,0.783,8120.0,CLOSED,8760.0,2026-02-10,7.88,5
2026-02-05,041910,81115,22,70.7,0.602,6660.0,CLOSED,6490.0,2026-02-10,-2.55,5
2026-02-05,042370,127390,743,73.3,0.575,10800.0,CLOSED,10030.0,2026-02-05,-7.13,0
2026-02-05,043370,120727,27502,64.2,0.31,12420.0,CLOSED,12220.0,2026-02-10,-1.61,5
2026-02-05,044490,59040,6828,71.8,0.678,32150.0,CLOSED,29750.0,2026-02-05,-7.47,0
2026-02-05,045390,648873,280,78.2,0.778,4360.0,CLOSED,4480.0,2026-02-10,2.75,5
2026-02-05,047050,472469,425026,87.3,0.535,68300.0,CLOSED,64100.0,2026-02-10,-6.15,5
2026-02-05,047310,99796,-7269,74.2,0.373,6400.0,CLOSED,6100.0,2026-02-10,-4.69,5
2026-02-05,047770,495502,0,68.5,0.774,3045.0,CLOSED,3910.0,2026-02-10,28.41,5
2026-02-05,048770,65786,0,74.9,0.661,3470.0,CLOSED,4082.0,2026-02-10,17.64,5
2026-02-05,049630,945931,-807,78.2,0.472,5430.0,CLOSED,4710.0,2026-02-05,-13.26,0
2026-02-05,049950,76128,2,64.8,0.611,18290.0,CLOSED,16840.0,2026-02-06,-7.93,1
2026-02-05,051160,133029,-12959,66.4,0.548,7770.0,CLOSED,7320.0,2026-02-10,-5.79,5
2026-02-05,052020,195061,0,63.5,0.767,8430.0,CLOSED,8440.0,2026-02-10,0.12,5
2026-02-05,053270,104989,15133,74.3,0.415,2500.0,CLOSED,2450.0,2026-02-10,-2.0,5
2026-02-05,053450,74926,-206,75.2,0.487,6220.0,CLOSED,5780.0,2026-02-06,-7.07,1
2026-02-05,054220,168284,0,74.0,0.425,434.0,CLOSED,613.0,2026-02-10,41.24,5
2026-02-05,054540,151591,-378,75.9,0.749,15450.0,CLOSED,13940.0,2026-02-05,-9.77,0
2026-02-05,064820,74041,780,65.9,0.614,11760.0,CLOSED,10570.0,2026-02-06,-10.12,1
2026-02-05,065450,94202,6,77.7,0.759,3975.0,CLOSED,3895.0,2026-02-10,-2.01,5
2026-02-05,066570,550647,-247642,75.5,0.678,102800.0,CLOSED,102400.0,2026-02-10,-0.39,5
2026-02-05,066575,78091,-4995,66.1,0.585,51000.0,CLOSED,50200.0,2026-02-10,-1.57,5
2026-02-05,069260,63744,-38193,64.6,0.513,18670.0,CLOSED,21200.0,2026-02-10,13.55,5
2026-02-05,069920,171412,0,61.9,0.662,685.0,CLOSED,668.0,2026-02-10,-2.48,5
2026-02-05,071090,134346,-68,73.7,0.371,3745.0,CLOSED,3720.0,2026-02-10,-0.67,5
2026-02-05,080470,345827,-12046,64.7,0.79,4510.0,CLOSED,4380.0,2026-02-10,-2.88,5
2026-02-05,081150,67814,69235,72.5,0.603,3165.0,CLOSED,3165.0,2026-02-10,0.0,5
2026-02-05,082210,101988,0,61.8,0.778,2020.0,CLOSED,1998.0,2026-02-10,-1.09,5
2026-02-05,082740,524757,-218556,86.6,0.672,59400.0,CLOSED,53000.0,2026-02-06,-10.77,1
2026-02-05,082920,245978,-238328,68.8,0.53,20650.0,CLOSED,21700.0,2026-02-10,5.08,5
2026-02-05,084690,139948,-6122,68.2,0.479,10070.0,CLOSED,10030.0,2026-02-10,-0.4,5
2026-02-05,085310,418880,-252,75.9,0.542,1207.0,CLOSED,1115.0,2026-02-05,-7.62,0
2026-02-05,085670,124071,54927,76.8,0.65,6830.0,CLOSED,6260.0,2026-02-06,-8.35,1
2026-02-05,086890,139721,-11005,73.4,0.555,5710.0,CLOSED,5310.0,2026-02-06,-7.01,1
2026-02-05,090360,110769,38664,73.2,0.641,78500.0,CLOSED,79000.0,2026-02-10,0.64,5
2026-02-05,092460,147229,14526,70.8,0.696,17230.0,CLOSED,15820.0,2026-02-05,-8.18,0
2026-02-05,094820,201862,15745,73.9,0.416,13530.0,CLOSED,16820.0,2026-02-10,24.32,5
2026-02-05,094850,67196,-121,64.0,0.317,5860.0,CLOSED,6040.0,2026-02-10,3.07,5
2026-02-05,095660,65921,22489,65.6,0.766,25450.0,CLOSED,28750.0,2026-02-10,12.97,5
2026-02-05,100250,73969,-1430,62.4,0.516,3005.0,CLOSED,3180.0,2026-02-10,5.82,5
2026-02-05,104620,75771,0,67.3,0.684,5250.0,CLOSED,5510.0,2026-02-10,4.95,5
2026-02-05,105740,69896,-1645,68.7,0.731,10260.0,CLOSED,10170.0,2026-02-10,-0.88,5
2026-02-05,109960,101888,0,69.9,0.758,245.0,CLOSED,240.0,2026-02-10,-2.04,5
2026-02-05,115440,164759,-1119,74.8,0.526,7810.0,CLOSED,7760.0,2026-02-10,-0.64,5
2026-02-05,123690,108116,1495,76.1,0.708,10810.0,CLOSED,10600.0,2026-02-10,-1.94,5
2026-02-05,124560,51118,-997,66.2,0.568,2740.0,CLOSED,2700.0,2026-02-10,-1.46,5
2026-02-05,126600,87541,-185,63.7,0.48,4185.0,CLOSED,4110.0,2026-02-10,-1.79,5
2026-02-05,142210,270562,-472,76.2,0.549,6810.0,CLOSED,6190.0,2026-02-06,-9.1,1
2026-02-05,148150,139403,-134,65.9,0.63,5060.0,CLOSED,5120.0,2026-02-10,1.19,5
2026-02-05,158430,119314,-2201,67.3,0.725,6300.0,CLOSED,7760.0,2026-02-10,23.17,5
2026-02-05,192820,85446,-32360,65.3,0.633,196800.0,CLOSED,207500.0,2026-02-10,5.44,5
2026-02-05,214320,79238,-56493,65.2,0.586,18480.0,CLOSED,19680.0,2026-02-10,6.49,5
2026-02-05,214370,52459,-22012,64.5,0.612,69900.0,CLOSED,119000.0,2026-02-10,70.24,5
2026-02-05,219550,332424,0,66.1,0.678,2075.0,CLOSED,1894.0,2026-02-06,-8.72,1
2026-02-05,223250,115410,-1195,75.7,0.655,6330.0,CLOSED,6160.0,2026-02-10,-2.69,5
2026-02-05,232680,67165,10426,73.1,0.361,14860.0,CLOSED,18240.0,2026-02-10,22.75,5
2026-02-05,242040,162685,0,65.4,0.664,1542.0,CLOSED,2775.0,2026-02-10,79.96,5
2026-02-05,243840,142700,12847,65.4,0.754,5130.0,CLOSED,6190.0,2026-02-10,20.66,5
2026-02-05,256840,239049,68944,74.9,0.724,4820.0,CLOSED,4670.0,2026-02-10,-3.11,5
2026-02-05,263600,91549,-4930,65.6,0.784,5100.0,CLOSED,4910.0,2026-02-10,-3.73,5
2026-02-05,264850,251917,-3000,74.3,0.546,7370.0,CLOSED,7890.0,2026-02-10,7.06,5
2026-02-05,267250,58519,-15801,69.5,0.452,241500.0,CLOSED,244500.0,2026-02-10,1.24,5
2026-02-05,267260,70918,-17561,66.5,0.8,924000.0,CLOSED,840000.0,2026-02-06,-9.09,1
2026-02-05,270660,124842,-213588,72.4,0.36,22850.0,CLOSED,25900.0,2026-02-10,13.35,5
2026-02-05,282330,105670,-18465,63.5,0.588,123300.0,CLOSED,122800.0,2026-02-10,-0.41,5
2026-02-05,295310,210882,73644,76.2,0.606,92000.0,CLOSED,77800.0,2026-02-05,-15.43,0
2026-02-05,317120,117467,0,60.5,0.765,2235.0,CLOSED,2065.0,2026-02-06,-7.61,1
2026-02-05,319400,995702,183397,81.43600000000002,0.782,28850.0,CLOSED,30350.0,2026-02-10,5.2,5
2026-02-05,322180,267379,-2408,72.2,0.723,9430.0,CLOSED,8560.0,2026-02-06,-9.23,1
2026-02-05,326030,53755,-173789,63.3,0.753,115100.0,CLOSED,110100.0,2026-02-10,-4.34,5
2026-02-05,330350,123080,6,75.8,0.507,8760.0,CLOSED,8780.0,2026-02-10,0.23,5
2026-02-05,332290,71705,0,61.3,0.569,1140.0,CLOSED,1239.0,2026-02-10,8.68,5
2026-02-05,336060,69874,765,71.7,0.693,1039.0,CLOSED,1063.0,2026-02-10,2.31,5
2026-02-05,348080,93277,-2300,67.7,0.738,1149.0,CLOSED,1049.0,2026-02-06,-8.7,1
2026-02-05,348950,81230,393933,79.4,0.687,2825.0,CLOSED,2360.0,2026-02-05,-16.46,0
2026-02-05,352820,270141,-250543,71.4,0.667,369500.0,CLOSED,377000.0,2026-02-10,2.03,5
2026-02-05,357880,189628,-42577,75.5,0.757,1841.0,CLOSED,1520.0,2026-02-05,-17.44,0
2026-02-05,362320,71584,-891,68.5,0.478,5850.0,CLOSED,5870.0,2026-02-10,0.34,5
2026-02-05,372320,96855,-33554,62.9,0.731,51700.0,CLOSED,47500.0,2026-02-06,-8.12,1
2026-02-05,377220,67377,3,74.1,0.639,1399.0,CLOSED,1499.0,2026-02-10,7.15,5
2026-02-05,378850,56744,8586,68.3,0.47,3580.0,CLOSED,3600.0,2026-02-10,0.56,5
2026-02-05,382480,182739,0,65.8,0.672,2465.0,CLOSED,2410.0,2026-02-10,-2.23,5
2026-02-05,382900,107298,-2484,65.6,0.759,33950.0,CLOSED,32550.0,2026-02-10,-4.12,5
2026-02-05,388050,111287,23280,70.2,0.413,8130.0,CLOSED,9500.0,2026-02-10,16.85,5
2026-02-05,393890,51874,10609,61.4,0.63,6480.0,CLOSED,9040.0,2026-02-10,39.51,5
2026-02-05,402340,93388,-49984,74.6,0.439,427000.0,CLOSED,567000.0,2026-02-10,32.79,5
2026-02-05,402490,68074,-152,69.4,0.721,8680.0,CLOSED,8850.0,2026-02-10,1.96,5
2026-02-05,403490,82513,0,63.2,0.5,1505.0,CLOSED,1515.0,2026-02-10,0.66,5
2026-02-05,407400,88227,0,72.3,0.515,4765.0,CLOSED,4835.0,2026-02-10,1.47,5
2026-02-05,419050,85759,0,74.2,0.495,1753.0,CLOSED,1783.0,2026-02-10,1.71,5
2026-02-05,441270,71490,242853,72.4,0.643,10050.0,CLOSED,10400.0,2026-02-10,3.48,5
2026-02-05,452280,80949,2472,69.6,0.528,10910.0,CLOSED,10050.0,2026-02-06,-7.88,1
2026-02-05,457190,67939,27588,70.3,0.783,60800.0,CLOSED,103000.0,2026-02-10,69.41,5
2026-02-05,900250,126451,0,64.7,0.773,691.0,CLOSED,669.0,2026-02-10,-3.18,5
2026-02-05,900260,144954,0,73.6,0.077,1576.0,CLOSED,1583.0,2026-02-10,0.44,5
2026-02-05,950170,232190,-98707,70.5,0.514,5500.0,CLOSED,5410.0,2026-02-10,-1.64,5
2026-02-06,000100,171359,-96887,69.7,0.776,104800.0,CLOSED,108200.0,2026-02-11,3.24,5
2026-02-06,000720,156525,15926,80.5,0.476,106600.0,CLOSED,112000.0,2026-02-11,5.07,5
2026-02-06,001680,148065,-14337,65.2,0.733,22250.0,CLOSED,23000.0,2026-02-11,3.37,5
2026-02-06,002870,71807,340,67.3,0.696,1112.0,CLOSED,1140.0,2026-02-11,2.52,5
2026-02-06,005010,218325,-3598,75.4,0.356,4245.0,CLOSED,4290.0,2026-02-11,1.06,5
2026-02-06,005490,57240,78495,77.9,0.52,359500.0,CLOSED,371000.0,2026-02-11,3.2,5
2026-02-06,006400,178119,-188979,79.6,0.406,370000.0,CLOSED,381000.0,2026-02-11,2.97,5
2026-02-06,009730,320501,1965,75.8,0.775,633.0,CLOSED,603.0,2026-02-11,-4.74,5
2026-02-06,009810,55357,-76,75.2,0.0,261.0,CLOSED,1350.0,2026-02-11,417.24,5
2026-02-06,009900,76361,5915,72.5,0.71,9140.0,CLOSED,9400.0,2026-02-11,2.84,5
2026-02-06,010620,189955,-112800,68.3,0.0,223000.0,CLOSED,223000.0,2026-02-11,0.0,5
2026-02-06,010950,78953,-16778,79.4,0.76,98000.0,CLOSED,100600.0,2026-02-11,2.65,5
2026-02-06,011500,149931,4370,75.5,0.54,24550.0,CLOSED,25550.0,2026-02-11,4.07,5
2026-02-06,012280,57959,19271,71.5,0.458,952.0,CLOSED,971.0,2026-02-11,2.0,5
2026-02-06,012690,123391,203,75.3,0.449,2200.0,CLOSED,2215.0,2026-02-11,0.68,5
2026-02-06,013520,68202,-979,73.5,0.57,2500.0,CLOSED,2550.0,2026-02-11,2.0,5
2026-02-06,017040,168967,254,73.1,0.313,1445.0,CLOSED,1437.0,2026-02-11,-0.55,5
2026-02-06,024850,266473,-758331,77.7,0.79,2970.0,CLOSED,3180.0,2026-02-11,7.07,5
2026-02-06,026890,95525,-4674,67.5,0.713,11100.0,CLOSED,12040.0,2026-02-11,8.47,5
2026-02-06,036460,659822,-108530,72.6,0.662,40750.0,CLOSED,42750.0,2026-02-11,4.91,5
2026-02-06,038540,54255,66465,68.3,0.503,1892.0,CLOSED,1927.0,2026-02-11,1.85,5
2026-02-06,043370,102973,21807,64.5,0.195,12020.0,CLOSED,12380.0,2026-02-11,3.0,5
2026-02-06,047050,329691,586636,87.63000000000001,0.575,64000.0,CLOSED,64000.0,2026-02-11,0.0,5
2026-02-06,047310,60879,-8728,74.9,0.351,5980.0,CLOSED,6010.0,2026-02-11,0.5,5
2026-02-06,048470,154182,0,65.3,0.722,3460.0,CLOSED,3515.0,2026-02-11,1.59,5
2026-02-06,053690,92269,9516,66.9,0.651,19200.0,CLOSED,20150.0,2026-02-11,4.95,5
2026-02-06,054210,269106,828,77.7,0.658,10320.0,CLOSED,10760.0,2026-02-11,4.26,5
2026-02-06,064290,137072,47603,70.8,0.659,17420.0,CLOSED,17800.0,2026-02-11,2.18,5
2026-02-06,069920,162524,0,61.6,0.662,678.0,CLOSED,725.0,2026-02-11,6.93,5
2026-02-06,071090,103404,106,73.7,0.312,3610.0,CLOSED,3775.0,2026-02-11,4.57,5
2026-02-06,082210,60344,0,62.3,0.472,1957.0,CLOSED,2015.0,2026-02-11,2.96,5
2026-02-06,084690,99555,1333,67.3,0.772,9930.0,CLOSED,10170.0,2026-02-11,2.42,5
2026-02-06,090430,280707,50316,80.4,0.731,137300.0,CLOSED,164200.0,2026-02-11,19.59,5
2026-02-06,091580,69495,-9317,70.5,0.435,14750.0,CLOSED,16130.0,2026-02-11,9.36,5
2026-02-06,131030,90735,0,67.1,0.729,7580.0,CLOSED,8180.0,2026-02-11,7.92,5
2026-02-06,138360,53176,0,75.1,0.29,3030.0,CLOSED,2835.0,2026-02-11,-6.44,5
2026-02-06,210120,116808,428,75.2,0.594,1905.0,CLOSED,1840.0,2026-02-11,-3.41,5
2026-02-06,211270,113026,105661,76.8,0.667,20300.0,CLOSED,19430.0,2026-02-11,-4.29,5
2026-02-06,223250,61988,-2000,75.9,0.791,6040.0,CLOSED,6300.0,2026-02-11,4.3,5
2026-02-06,264450,64018,3228,68.8,0.479,12530.0,CLOSED,12870.0,2026-02-11,2.71,5
2026-02-06,282330,81844,-17826,63.7,0.678,122400.0,CLOSED,126200.0,2026-02-11,3.1,5
2026-02-06,307930,62235,2700,75.4,0.633,6900.0,CLOSED,7750.0,2026-02-11,12.32,5
2026-02-06,320000,216345,0,60.2,0.789,1923.0,CLOSED,2120.0,2026-02-11,10.24,5
2026-02-06,336060,99373,6,71.9,0.72,1019.0,CLOSED,1043.0,2026-02-11,2.36,5
2026-02-06,352700,69775,19963,61.0,0.462,2130.0,CLOSED,2180.0,2026-02-11,2.35,5
2026-02-06,352820,177671,-220512,71.4,0.669,355500.0,CLOSED,377000.0,2026-02-11,6.05,5
2026-02-06,362320,70053,-104,68.5,0.442,5600.0,CLOSED,5950.0,2026-02-11,6.25,5
2026-02-06,375500,133073,-12227,72.1,0.667,45050.0,CLOSED,49400.0,2026-02-11,9.66,5
2026-02-06,378850,71076,8760,68.0,0.365,3545.0,CLOSED,3635.0,2026-02-11,2.54,5
2026-02-06,382480,228950,0,66.1,0.579,2480.0,CLOSED,2385.0,2026-02-11,-3.83,5
2026-02-06,403490,74304,0,62.6,0.557,1476.0,CLOSED,1510.0,2026-02-11,2.3,5
2026-02-06,424980,71383,-4224,66.2,0.748,15350.0,CLOSED,15260.0,2026-02-11,-0.59,5
2026-02-06,451760,187528,-72037,76.4,0.602,20800.0,CLOSED,22000.0,2026-02-11,5.77,5
2026-02-06,900260,178502,-19100,69.9,0.069,1582.0,CLOSED,1584.0,2026-02-11,0.13,5
2026-02-06,900270,122893,0,66.1,0.8,173.0,CLOSED,173.0,2026-02-11,0.0,5
2026-02-06,950170,274153,-74121,69.2,0.617,5380.0,CLOSED,5310.0,2026-02-11,-1.3,5
2026-02-09,000720,156525,15926,80.5,0.616,114200.0,CLOSED,114300.0,2026-02-15,0.09,6
2026-02-09,005010,218325,-3598,75.4,0.356,4230.0,CLOSED,4290.0,2026-02-15,1.42,6
2026-02-09,005490,57240,78495,77.9,0.59,364250.0,CLOSED,375500.0,2026-02-15,3.09,6
2026-02-09,005950,100628,-957,73.3,0.586,9270.0,CLOSED,9090.0,2026-02-15,-1.94,6
2026-02-09,006400,178119,-188979,79.6,0.444,382000.0,CLOSED,374500.0,2026-02-15,-1.96,6
2026-02-09,009410,295417,-231512,71.2,0.718,1603.0,CLOSED,1711.0,2026-02-15,6.74,6
2026-02-09,009520,92315,-38197,80.9,0.701,20025.0,CLOSED,19660.0,2026-02-15,-1.82,6
2026-02-09,009730,320501,1965,75.8,0.775,631.0,CLOSED,634.0,2026-02-15,0.48,6
2026-02-09,009810,55357,-76,75.2,0.0,261.0,CLOSED,1284.0,2026-02-15,391.95,6
2026-02-09,009900,76361,5915,72.5,0.8,9240.0,CLOSED,9360.0,2026-02-15,1.3,6
2026-02-09,010620,189955,-112800,68.3,0.0,223000.0,CLOSED,223000.0,2026-02-15,0.0,6
2026-02-09,011500,149931,4370,75.5,0.46,25800.0,CLOSED,24800.0,2026-02-15,-3.88,6
2026-02-09,012280,57959,19271,71.5,0.609,962.0,CLOSED,982.0,2026-02-15,2.08,6
2026-02-09,012690,123391,203,75.3,0.442,2205.0,CLOSED,2220.0,2026-02-15,0.68,6
2026-02-09,013520,68202,-979,73.5,0.794,2540.0,CLOSED,2580.0,2026-02-15,1.57,6
2026-02-09,015750,171221,-153419,77.9,0.669,7680.0,CLOSED,7950.0,2026-02-15,3.52,6
2026-02-09,015760,123587,1123740,79.7,0.446,62600.0,CLOSED,59800.0,2026-02-15,-4.47,6
2026-02-09,017040,168967,254,73.1,0.388,1480.0,CLOSED,1439.0,2026-02-15,-2.77,6
2026-02-09,024850,266473,-758331,77.7,0.725,3185.0,CLOSED,3110.0,2026-02-15,-2.35,6
2026-02-09,024880,80157,-1023,74.8,0.482,6060.0,CLOSED,6050.0,2026-02-15,-0.17,6
2026-02-09,025900,55887,-44423,74.5,0.795,10450.0,CLOSED,9950.0,2026-02-15,-4.78,6
2026-02-09,026890,95525,-4674,67.5,0.713,11330.0,CLOSED,11660.0,2026-02-15,2.91,6
2026-02-09,036170,93430,0,75.6,0.675,1780.0,CLOSED,1620.0,2026-02-13,-8.99,4
2026-02-09,036460,659822,-108530,72.6,0.724,41450.0,CLOSED,42000.0,2026-02-15,1.33,6
2026-02-09,038540,54255,66465,68.3,0.556,1904.0,CLOSED,2140.0,2026-02-15,12.39,6
2026-02-09,043370,102973,21807,64.5,0.2,12220.0,CLOSED,12980.0,2026-02-15,6.22,6
2026-02-09,046120,77989,14136,71.6,0.65,4810.0,CLOSED,6210.0,2026-02-15,29.11,6
2026-02-09,047050,329691,586636,87.63000000000001,0.62,64100.0,CLOSED,65800.0,2026-02-15,2.65,6
2026-02-09,047310,60879,-8728,74.9,0.368,6100.0,CLOSED,5870.0,2026-02-15,-3.77,6
2026-02-09,047400,148515,230,76.2,0.585,1507.0,CLOSED,1505.0,2026-02-15,-0.13,6
2026-02-09,048470,154182,0,65.3,0.722,3430.0,CLOSED,3405.0,2026-02-15,-0.73,6
2026-02-09,053690,92269,9516,66.9,0.753,19580.0,CLOSED,20250.0,2026-02-15,3.42,6
2026-02-09,054210,269106,828,77.7,0.657,10950.0,CLOSED,10720.0,2026-02-15,-2.1,6
2026-02-09,064290,137072,47603,70.8,0.659,18180.0,CLOSED,17120.0,2026-02-15,-5.83,6
2026-02-09,066570,750189,-335879,76.8,0.359,102400.0,CLOSED,117200.0,2026-02-15,14.45,6
2026-02-09,069920,162524,0,61.6,0.699,668.0,CLOSED,714.0,2026-02-15,6.89,6
2026-02-09,071090,103404,106,73.7,0.312,3720.0,CLOSED,3765.0,2026-02-15,1.21,6
2026-02-09,082210,60344,0,62.3,0.472,1998.0,CLOSED,2005.0,2026-02-15,0.35,6
2026-02-09,083650,111329,-6564,82.7,0.755,76700.0,CLOSED,75300.0,2026-02-15,-1.83,6
2026-02-09,091580,69495,-9317,70.5,0.511,15600.0,CLOSED,16580.0,2026-02-15,6.28,6
2026-02-09,095500,94261,-2340,76.0,0.799,12030.0,CLOSED,11220.0,2026-02-15,-6.73,6
2026-02-09,105550,404477,-548123,76.2,0.777,1524.0,CLOSED,1484.0,2026-02-15,-2.62,6
2026-02-09,118990,105793,-1085,76.1,0.756,9730.0,CLOSED,9770.0,2026-02-15,0.41,6
2026-02-09,138360,53176,0,75.1,0.268,3020.0,CLOSED,2275.0,2026-02-12,-24.67,3
2026-02-09,166090,150761,-72733,75.6,0.743,64200.0,CLOSED,59100.0,2026-02-13,-7.94,4
2026-02-09,210120,116808,428,75.2,0.641,1915.0,CLOSED,1619.0,2026-02-13,-15.46,4
2026-02-09,211270,113026,105661,76.8,0.66,20550.0,CLOSED,19030.0,2026-02-13,-7.4,4
2026-02-09,222080,80513,-304045,84.6,0.715,13040.0,CLOSED,12150.0,2026-02-15,-6.83,6
2026-02-09,237690,216003,-71210,75.1,0.673,155000.0,CLOSED,146700.0,2026-02-15,-5.35,6
2026-02-09,264450,64018,3228,68.8,0.46,13050.0,CLOSED,12230.0,2026-02-15,-6.28,6
2026-02-09,307930,62235,2700,75.4,0.546,7020.0,CLOSED,7320.0,2026-02-15,4.27,6
2026-02-09,336060,99373,6,71.9,0.769,1063.0,CLOSED,1016.0,2026-02-15,-4.42,6
2026-02-09,352700,69775,19963,61.0,0.462,2135.0,CLOSED,2200.0,2026-02-15,3.04,6
2026-02-09,352820,177671,-220512,72.7,0.562,377000.0,CLOSED,390000.0,2026-02-15,3.45,6
2026-02-09,362320,70053,-104,68.5,0.442,5870.0,CLOSED,5820.0,2026-02-15,-0.85,6
2026-02-09,378340,102082,20412,73.1,0.512,16440.0,CLOSED,15200.0,2026-02-13,-7.54,4
2026-02-09,378850,71076,8760,68.0,0.474,3600.0,CLOSED,3600.0,2026-02-15,0.0,6
2026-02-09,382480,228950,0,66.1,0.652,2410.0,CLOSED,2285.0,2026-02-15,-5.19,6
2026-02-09,403490,74304,0,62.6,0.557,1515.0,CLOSED,1493.0,2026-02-15,-1.45,6
2026-02-09,446540,116825,0,75.3,0.383,4295.0,CLOSED,4090.0,2026-02-15,-4.77,6
2026-02-09,451760,187528,-72037,76.4,0.602,22150.0,CLOSED,21250.0,2026-02-15,-4.06,6
2026-02-09,452280,73665,2115,70.0,0.79,10410.0,CLOSED,9990.0,2026-02-15,-4.03,6
2026-02-09,452430,85265,-83300,63.1,0.636,38650.0,CLOSED,35050.0,2026-02-12,-9.31,3
2026-02-09,455180,61302,0,70.5,0.521,3645.0,CLOSED,3370.0,2026-02-13,-7.54,4
2026-02-09,900260,178502,-19100,69.9,0.071,1583.0,CLOSED,1646.0,2026-02-15,3.98,6
2026-02-09,950170,274153,-74121,69.2,0.763,5410.0,CLOSED,5050.0,2026-02-15,-6.65,6
2026-02-10,000680,171302,-5977,71.4,0.74,3455.0,CLOSED,3510.0,2026-02-15,1.59,5
2026-02-10,004540,51832,1309,75.2,0.273,1897.0,CLOSED,1900.0,2026-02-15,0.16,5
2026-02-10,004770,97227,12,71.5,0.517,1640.0,CLOSED,1630.0,2026-02-15,-0.61,5
2026-02-10,004830,65218,0,65.5,0.737,4875.0,CLOSED,5090.0,2026-02-15,4.41,5
2026-02-10,005010,224377,-4610,75.3,0.356,4230.0,CLOSED,4290.0,2026-02-15,1.42,5
2026-02-10,005950,178866,-1185,73.6,0.586,9270.0,CLOSED,9090.0,2026-02-15,-1.94,5
2026-02-10,006400,210946,241907,79.5,0.444,382000.0,CLOSED,374500.0,2026-02-15,-1.96,5
2026-02-10,006910,367552,2578,70.8,0.521,8260.0,CLOSED,9180.0,2026-02-15,11.14,5
2026-02-10,009410,438233,-239159,70.5,0.718,1603.0,CLOSED,1711.0,2026-02-15,6.74,5
2026-02-10,009520,62152,25559,80.8,0.701,20025.0,CLOSED,19660.0,2026-02-15,-1.82,5
2026-02-10,009730,256127,1965,75.5,0.775,631.0,CLOSED,634.0,2026-02-15,0.48,5
2026-02-10,009900,150444,-17272,72.1,0.8,9240.0,CLOSED,9360.0,2026-02-15,1.3,5
2026-02-10,010280,83221,0,69.4,0.697,1132.0,CLOSED,1092.0,2026-02-15,-3.53,5
2026-02-10,010620,189955,-112800,68.3,0.0,223000.0,CLOSED,223000.0,2026-02-15,0.0,5
2026-02-10,010820,174423,-15018,73.3,0.552,4760.0,CLOSED,5200.0,2026-02-15,9.24,5
2026-02-10,010950,103632,-5549,79.1,0.67,100600.0,CLOSED,106200.0,2026-02-15,5.57,5
2026-02-10,011500,76755,3862,75.7,0.46,25800.0,CLOSED,24800.0,2026-02-15,-3.88,5
2026-02-10,012280,117025,-4191,71.9,0.609,962.0,CLOSED,982.0,2026-02-15,2.08,5
2026-02-10,012690,103759,-40,75.3,0.442,2205.0,CLOSED,2220.0,2026-02-15,0.68,5
2026-02-10,013520,66473,-3185,74.0,0.794,2540.0,CLOSED,2580.0,2026-02-15,1.57,5
2026-02-10,013990,138145,-482,73.7,0.456,4700.0,CLOSED,4690.0,2026-02-15,-0.21,5
2026-02-10,015750,81488,1097,79.3,0.669,7680.0,CLOSED,7950.0,2026-02-15,3.52,5
2026-02-10,015760,392941,1276680,79.5,0.446,62600.0,CLOSED,59800.0,2026-02-15,-4.47,5
2026-02-10,017040,387463,17,73.1,0.388,1480.0,CLOSED,1439.0,2026-02-15,-2.77,5
2026-02-10,017510,144288,-13037,75.5,0.743,10180.0,CLOSED,10560.0,2026-02-15,3.73,5
2026-02-10,019990,70085,0,76.2,0.646,8680.0,CLOSED,9030.0,2026-02-15,4.03,5
2026-02-10,024850,334913,-268254,77.6,0.725,3185.0,CLOSED,3110.0,2026-02-15,-2.35,5
2026-02-10,024880,132836,-2009,73.9,0.482,6060.0,CLOSED,6050.0,2026-02-15,-0.17,5
2026-02-10,025900,124603,19394,75.2,0.795,10450.0,CLOSED,9950.0,2026-02-15,-4.78,5
2026-02-10,026890,83553,-1715,67.6,0.713,11330.0,CLOSED,11660.0,2026-02-15,2.91,5
2026-02-10,028050,421005,281716,88.06000000000003,0.716,32950.0,CLOSED,33900.0,2026-02-15,2.88,5
2026-02-10,031330,941193,-724255,75.5,0.789,4730.0,CLOSED,4755.0,2026-02-15,0.53,5
2026-02-10,033530,127690,-5807,74.1,0.595,10750.0,CLOSED,10290.0,2026-02-15,-4.28,5
2026-02-10,036170,51223,0,75.6,0.675,1780.0,CLOSED,1620.0,2026-02-13,-8.99,3
2026-02-10,036460,832119,-21478,73.4,0.724,41450.0,CLOSED,42000.0,2026-02-15,1.33,5
2026-02-10,038540,95538,63034,68.9,0.556,1904.0,CLOSED,2140.0,2026-02-15,12.39,5
2026-02-10,039980,198361,0,67.6,0.649,1754.0,CLOSED,1644.0,2026-02-15,-6.27,5
2026-02-10,042500,70290,-2773,64.6,0.733,3950.0,CLOSED,3935.0,2026-02-15,-0.38,5
2026-02-10,043370,97027,20808,64.7,0.2,12220.0,CLOSED,12980.0,2026-02-15,6.22,5
2026-02-10,046120,182559,18168,72.6,0.65,4810.0,CLOSED,6210.0,2026-02-15,29.11,5
2026-02-10,047050,318687,433078,88.06000000000003,0.62,64100.0,CLOSED,65800.0,2026-02-15,2.65,5
2026-02-10,047310,159250,-8915,75.2,0.368,6100.0,CLOSED,5870.0,2026-02-15,-3.77,5
2026-02-10,047400,57325,1,75.5,0.585,1507.0,CLOSED,1505.0,2026-02-15,-0.13,5
2026-02-10,048470,68269,1,65.3,0.722,3430.0,CLOSED,3405.0,2026-02-15,-0.73,5
2026-02-10,049950,60783,-1999,65.2,0.731,17830.0,CLOSED,16160.0,2026-02-13,-9.37,3
2026-02-10,051600,89499,20241,76.8,0.378,58300.0,CLOSED,58300.0,2026-02-15,0.0,5
2026-02-10,053690,80721,5216,65.9,0.753,19580.0,CLOSED,20250.0,2026-02-15,3.42,5
2026-02-10,054210,301212,1032,78.6,0.657,10950.0,CLOSED,10720.0,2026-02-15,-2.1,5
2026-02-10,056080,311674,112548,88.06000000000003,0.391,38250.0,CLOSED,37750.0,2026-02-15,-1.31,5
2026-02-10,060250,646004,-20292,82.6,0.378,22200.0,CLOSED,20850.0,2026-02-15,-6.08,5
2026-02-10,060280,110059,217448,84.1,0.613,19570.0,CLOSED,17500.0,2026-02-12,-10.58,2
2026-02-10,064260,884875,-191354,70.8,0.642,9100.0,CLOSED,8440.0,2026-02-13,-7.25,3
2026-02-10,064290,112602,51720,71.6,0.659,18180.0,CLOSED,17120.0,2026-02-15,-5.83,5
2026-02-10,066310,56938,1,69.4,0.552,8370.0,CLOSED,8200.0,2026-02-15,-2.03,5
2026-02-10,066570,922124,-157139,78.5,0.359,102400.0,CLOSED,117200.0,2026-02-15,14.45,5
2026-02-10,069920,159563,0,61.8,0.699,668.0,CLOSED,714.0,2026-02-15,6.89,5
2026-02-10,071090,106147,1,73.7,0.312,3720.0,CLOSED,3765.0,2026-02-15,1.21,5
2026-02-10,082210,84224,0,62.3,0.472,1998.0,CLOSED,2005.0,2026-02-15,0.35,5
2026-02-10,085670,105353,-2758,76.8,0.703,6720.0,CLOSED,6150.0,2026-02-13,-8.48,3
2026-02-10,090080,81945,8,70.7,0.648,950.0,CLOSED,939.0,2026-02-15,-1.16,5
2026-02-10,091580,59999,-10342,70.4,0.511,15600.0,CLOSED,16580.0,2026-02-15,6.28,5
2026-02-10,094820,172085,6052,74.8,0.669,16820.0,CLOSED,17290.0,2026-02-15,2.79,5
2026-02-10,095500,169430,39016,76.5,0.799,12030.0,CLOSED,11220.0,2026-02-15,-6.73,5
2026-02-10,095910,155459,0,65.5,0.594,1425.0,CLOSED,1440.0,2026-02-15,1.05,5
2026-02-10,103840,92077,0,60.8,0.721,3070.0,CLOSED,3130.0,2026-02-15,1.95,5
2026-02-10,104040,158285,0,65.0,0.474,746.0,CLOSED,732.0,2026-02-15,-1.88,5
2026-02-10,105550,396804,-548123,77.2,0.777,1524.0,CLOSED,1484.0,2026-02-15,-2.62,5
2026-02-10,118990,129271,-1084,76.7,0.756,9730.0,CLOSED,9770.0,2026-02-15,0.41,5
2026-02-10,129920,109349,3830,74.7,0.418,5500.0,CLOSED,5420.0,2026-02-15,-1.45,5
2026-02-10,148150,217435,17,66.8,0.772,5120.0,CLOSED,5020.0,2026-02-15,-1.95,5
2026-02-10,148780,96847,0,62.2,0.535,1637.0,CLOSED,1490.0,2026-02-13,-8.98,3
2026-02-10,163730,100458,-1242,75.4,0.681,12130.0,CLOSED,11940.0,2026-02-15,-1.57,5
2026-02-10,166090,55956,-16646,75.1,0.743,64200.0,CLOSED,59100.0,2026-02-13,-7.94,3
2026-02-10,187270,66094,1,74.6,0.535,3935.0,CLOSED,3885.0,2026-02-15,-1.27,5
2026-02-10,201490,503230,2345,69.8,0.552,4220.0,CLOSED,3980.0,2026-02-15,-5.69,5
2026-02-10,210120,119688,428,75.5,0.641,1915.0,CLOSED,1619.0,2026-02-13,-15.46,3
2026-02-10,217730,64063,0,65.7,0.767,2235.0,CLOSED,2085.0,2026-02-15,-6.71,5
2026-02-10,222080,317256,65301,85.0,0.715,13040.0,CLOSED,12150.0,2026-02-15,-6.83,5
2026-02-10,223250,72227,-1000,73.1,0.794,6300.0,CLOSED,5770.0,2026-02-13,-8.41,3
2026-02-10,237690,105788,34536,75.5,0.673,155000.0,CLOSED,146700.0,2026-02-15,-5.35,5
2026-02-10,242040,561003,2144,78.6,0.542,2775.0,CLOSED,3610.0,2026-02-15,30.09,5
2026-02-10,262260,63026,86,64.8,0.69,5680.0,CLOSED,5450.0,2026-02-15,-4.05,5
2026-02-10,297090,144832,-6109,68.5,0.53,6180.0,CLOSED,6460.0,2026-02-15,4.53,5
2026-02-10,307930,81705,1500,75.5,0.546,7020.0,CLOSED,7320.0,2026-02-15,4.27,5
2026-02-10,336060,215053,1317,73.0,0.769,1063.0,CLOSED,1016.0,2026-02-15,-4.42,5
2026-02-10,352700,65863,9236,60.9,0.462,2135.0,CLOSED,2200.0,2026-02-15,3.04,5
2026-02-10,352820,117845,-113678,73.5,0.562,377000.0,CLOSED,390000.0,2026-02-15,3.45,5
2026-02-10,353810,181118,-2234,74.4,0.598,7440.0,CLOSED,7560.0,2026-02-15,1.61,5
2026-02-10,362320,101058,-68,68.8,0.442,5870.0,CLOSED,5820.0,2026-02-15,-0.85,5
2026-02-10,378340,160762,31618,73.7,0.512,16440.0,CLOSED,15200.0,2026-02-13,-7.54,3
2026-02-10,378800,363282,0,66.2,0.684,1944.0,CLOSED,1899.0,2026-02-15,-2.31,5
2026-02-10,378850,62598,8634,67.2,0.474,3600.0,CLOSED,3600.0,2026-02-15,0.0,5
2026-02-10,382480,51771,0,65.3,0.652,2410.0,CLOSED,2285.0,2026-02-15,-5.19,5
2026-02-10,403490,186655,0,62.9,0.557,1515.0,CLOSED,1493.0,2026-02-15,-1.45,5
2026-02-10,419050,116426,0,64.3,0.744,1783.0,CLOSED,1728.0,2026-02-15,-3.08,5
2026-02-10,441270,298657,65337,73.8,0.719,10400.0,CLOSED,10760.0,2026-02-15,3.46,5
2026-02-10,446540,243700,0,75.5,0.383,4295.0,CLOSED,4090.0,2026-02-15,-4.77,5
2026-02-10,451760,225851,-33404,76.6,0.602,22150.0,CLOSED,21250.0,2026-02-15,-4.06,5
2026-02-10,452280,97768,20904,70.4,0.79,10410.0,CLOSED,9990.0,2026-02-15,-4.03,5
2026-02-10,452430,75470,-90910,63.3,0.636,38650.0,CLOSED,35050.0,2026-02-12,-9.31,2
2026-02-10,455180,89691,0,71.2,0.521,3645.0,CLOSED,3370.0,2026-02-13,-7.54,3
2026-02-10,457370,145520,7672,75.2,0.316,10120.0,CLOSED,9530.0,2026-02-15,-5.83,5
2026-02-10,489460,79643,48108,69.5,0.543,13530.0,CLOSED,12820.0,2026-02-15,-5.25,5
2026-02-10,900260,185375,-43114,69.5,0.071,1583.0,CLOSED,1646.0,2026-02-15,3.98,5
2026-02-10,900290,70783,304,71.4,0.774,3935.0,CLOSED,3975.0,2026-02-15,1.02,5
2026-02-10,950170,200350,-66184,69.3,0.763,5410.0,CLOSED,5050.0,2026-02-15,-6.65,5
2026-02-11,000680,57958,-6781,72.1,0.74,3490.0,CLOSED,3510.0,2026-02-16,0.57,5
2026-02-11,004540,84556,-1654,75.3,0.273,1921.0,CLOSED,1900.0,2026-02-16,-1.09,5
2026-02-11,004720,51023,7,64.0,0.632,4185.0,CLOSED,4085.0,2026-02-16,-2.39,5
2026-02-11,004770,132720,47,72.1,0.483,1659.0,CLOSED,1630.0,2026-02-16,-1.75,5
2026-02-11,004830,75252,14,65.7,0.695,4890.0,CLOSED,5090.0,2026-02-16,4.09,5
2026-02-11,005010,222161,-990,76.0,0.356,4290.0,CLOSED,4290.0,2026-02-16,0.0,5
2026-02-11,006400,155868,217844,78.2,0.476,381000.0,CLOSED,374500.0,2026-02-16,-1.71,5
2026-02-11,009520,128630,-54709,79.3,0.74,19750.0,CLOSED,19660.0,2026-02-16,-0.46,5
2026-02-11,009730,281782,1327,75.2,0.775,603.0,CLOSED,634.0,2026-02-16,5.14,5
2026-02-11,010280,61826,0,69.5,0.697,1132.0,CLOSED,1092.0,2026-02-16,-3.53,5
2026-02-11,010620,189955,-112800,68.3,0.0,223000.0,CLOSED,223000.0,2026-02-16,0.0,5
2026-02-11,010820,367131,-13170,74.3,0.552,4680.0,CLOSED,5200.0,2026-02-16,11.11,5
2026-02-11,010950,124917,158679,78.7,0.67,100600.0,CLOSED,106200.0,2026-02-16,5.57,5
2026-02-11,012280,107491,-23685,69.5,0.744,971.0,CLOSED,982.0,2026-02-16,1.13,5
2026-02-11,012690,116353,-3,75.4,0.443,2215.0,CLOSED,2220.0,2026-02-16,0.23,5
2026-02-11,013990,189643,-2190,74.3,0.456,4700.0,CLOSED,4690.0,2026-02-16,-0.21,5
2026-02-11,015750,350373,-136482,79.7,0.747,7800.0,CLOSED,7950.0,2026-02-16,1.92,5
2026-02-11,017040,279031,59,77.9,0.58,1437.0,CLOSED,1439.0,2026-02-16,0.14,5
2026-02-11,024850,355263,-83390,78.8,0.728,3180.0,CLOSED,3110.0,2026-02-16,-2.2,5
2026-02-11,024880,62721,-2590,73.5,0.546,6090.0,CLOSED,6050.0,2026-02-16,-0.66,5
2026-02-11,025900,120758,-21883,75.3,0.753,10270.0,CLOSED,9950.0,2026-02-16,-3.12,5
2026-02-11,028050,220513,329899,88.2,0.716,32950.0,CLOSED,33900.0,2026-02-16,2.88,5
2026-02-11,031330,594932,-765054,75.3,0.789,4730.0,CLOSED,4755.0,2026-02-16,0.53,5
2026-02-11,033530,255317,7270,74.0,0.595,10750.0,CLOSED,10290.0,2026-02-16,-4.28,5
2026-02-11,038540,108124,81057,69.4,0.619,1927.0,CLOSED,2140.0,2026-02-16,11.05,5
2026-02-11,039980,76051,0,67.8,0.649,1754.0,CLOSED,1644.0,2026-02-16,-6.27,5
2026-02-11,042500,130875,-1665,65.2,0.733,3950.0,CLOSED,3935.0,2026-02-16,-0.38,5
2026-02-11,043370,74998,2608,64.8,0.228,12380.0,CLOSED,12980.0,2026-02-16,4.85,5
2026-02-11,043610,68462,0,64.6,0.649,1909.0,CLOSED,1877.0,2026-02-16,-1.68,5
2026-02-11,046120,74542,14527,72.8,0.523,4860.0,CLOSED,6210.0,2026-02-16,27.78,5
2026-02-11,046940,153039,-116,72.3,0.681,4420.0,CLOSED,4470.0,2026-02-16,1.13,5
2026-02-11,047050,109629,294589,88.2,0.713,64000.0,CLOSED,65800.0,2026-02-16,2.81,5
2026-02-11,047310,302133,-1780,75.0,0.39,6010.0,CLOSED,5870.0,2026-02-16,-2.33,5
2026-02-11,053050,103746,5,73.0,0.414,2370.0,CLOSED,2335.0,2026-02-16,-1.48,5
2026-02-11,053280,53715,18,63.2,0.688,3605.0,CLOSED,3650.0,2026-02-16,1.25,5
2026-02-11,054210,162365,34460,78.5,0.674,10760.0,CLOSED,10720.0,2026-02-16,-0.37,5
2026-02-11,056080,394841,9061,87.6,0.747,45700.0,CLOSED,39700.0,2026-02-12,-13.13,1
2026-02-11,060250,352035,-127672,82.5,0.378,22200.0,CLOSED,20850.0,2026-02-16,-6.08,5
2026-02-11,064290,66062,37552,71.7,0.659,17800.0,CLOSED,17120.0,2026-02-16,-3.82,5
2026-02-11,066570,1080242,-226855,79.3,0.463,104000.0,CLOSED,117200.0,2026-02-16,12.69,5
2026-02-11,069920,263826,0,63.6,0.748,725.0,CLOSED,714.0,2026-02-16,-1.52,5
2026-02-11,071090,93922,21,73.9,0.273,3775.0,CLOSED,3765.0,2026-02-16,-0.26,5
2026-02-11,090080,91416,58,69.7,0.602,954.0,CLOSED,939.0,2026-02-16,-1.57,5
2026-02-11,091580,72274,-36020,69.5,0.591,16130.0,CLOSED,16580.0,2026-02-16,2.79,5
2026-02-11,094820,52636,5982,74.7,0.683,16500.0,CLOSED,17290.0,2026-02-16,4.79,5
2026-02-11,095500,115797,28807,76.5,0.799,11800.0,CLOSED,11220.0,2026-02-16,-4.92,5
2026-02-11,103840,184576,0,61.3,0.721,3130.0,CLOSED,3130.0,2026-02-16,0.0,5
2026-02-11,105550,448071,-548123,77.3,0.777,1535.0,CLOSED,1484.0,2026-02-16,-3.32,5
2026-02-11,117580,94777,-990,66.4,0.772,8100.0,CLOSED,8130.0,2026-02-16,0.37,5
2026-02-11,118990,143889,2,76.5,0.798,10000.0,CLOSED,9770.0,2026-02-16,-2.3,5
2026-02-11,129920,121571,3830,74.8,0.418,5500.0,CLOSED,5420.0,2026-02-16,-1.45,5
2026-02-11,137950,50237,1,62.7,0.772,3330.0,CLOSED,3340.0,2026-02-16,0.3,5
2026-02-11,148780,239424,0,63.1,0.535,1637.0,CLOSED,1490.0,2026-02-13,-8.98,2
2026-02-11,163730,65126,-755,75.4,0.641,12190.0,CLOSED,11940.0,2026-02-16,-2.05,5
2026-02-11,214270,58198,-2370,66.9,0.663,1931.0,CLOSED,1916.0,2026-02-16,-0.78,5
2026-02-11,217730,383193,0,65.9,0.767,2235.0,CLOSED,2085.0,2026-02-16,-6.71,5
2026-02-11,237690,79367,-26791,75.4,0.668,152400.0,CLOSED,146700.0,2026-02-16,-3.74,5
2026-02-11,242040,109660,2686,78.1,0.794,3300.0,CLOSED,3610.0,2026-02-16,9.39,5
2026-02-11,262260,54362,72,64.8,0.69,5620.0,CLOSED,5450.0,2026-02-16,-3.02,5
2026-02-11,291650,230292,50,75.1,0.756,1220.0,CLOSED,1105.0,2026-02-12,-9.43,1
2026-02-11,307930,78818,0,75.5,0.677,7750.0,CLOSED,7320.0,2026-02-16,-5.55,5
2026-02-11,334970,112821,-4165,64.5,0.535,2990.0,CLOSED,2855.0,2026-02-16,-4.52,5
2026-02-11,352820,135685,-109345,73.7,0.575,377000.0,CLOSED,390000.0,2026-02-16,3.45,5
2026-02-11,353810,160197,-6481,74.4,0.598,7440.0,CLOSED,7560.0,2026-02-16,1.61,5
2026-02-11,362320,97808,-52,69.1,0.567,5950.0,CLOSED,5820.0,2026-02-16,-2.18,5
2026-02-11,378340,106517,9470,73.6,0.512,16200.0,CLOSED,15200.0,2026-02-16,-6.17,5
2026-02-11,378800,815493,0,67.2,0.684,1944.0,CLOSED,1899.0,2026-02-16,-2.31,5
2026-02-11,378850,62035,8366,67.0,0.5,3635.0,CLOSED,3600.0,2026-02-16,-0.96,5
2026-02-11,382480,139169,0,65.4,0.652,2385.0,CLOSED,2285.0,2026-02-16,-4.19,5
2026-02-11,403490,277901,0,63.5,0.557,1510.0,CLOSED,1493.0,2026-02-16,-1.13,5
2026-02-11,408920,51341,27000,64.2,0.31,3560.0,CLOSED,3620.0,2026-02-16,1.69,5
2026-02-11,446540,184252,0,75.5,0.383,4235.0,CLOSED,4090.0,2026-02-16,-3.42,5
2026-02-11,455180,81779,0,71.5,0.462,3585.0,CLOSED,3370.0,2026-02-16,-6.0,5
2026-02-11,457370,144639,22159,75.9,0.525,10320.0,CLOSED,9530.0,2026-02-13,-7.66,2
2026-02-11,489460,61544,69976,70.0,0.59,13700.0,CLOSED,12820.0,2026-02-16,-6.42,5
2026-02-11,900260,188130,-44339,68.3,0.086,1584.0,CLOSED,1646.0,2026-02-16,3.91,5
2026-02-11,900290,75903,-347,68.4,0.774,3765.0,CLOSED,3975.0,2026-02-16,5.58,5
2026-02-11,950170,236995,-92730,69.5,0.7,5310.0,CLOSED,5050.0,2026-02-16,-4.9,5
2026-02-12,000250,111047,-82105,81.9,0.561,521000.0,CLOSED,535000.0,2026-02-18,2.69,6
2026-02-12,000270,381577,268080,74.9,0.582,166300.0,CLOSED,164100.0,2026-02-18,-1.32,6
2026-02-12,001290,181657,40,74.9,0.742,747.0,CLOSED,904.0,2026-02-18,21.02,6
2026-02-12,001390,255162,16095,79.7,0.438,6100.0,CLOSED,5980.0,2026-02-18,-1.97,6
2026-02-12,003530,308104,-441161,88.1,0.562,6500.0,CLOSED,7360.0,2026-02-18,13.23,6
2026-02-12,004540,77447,-2672,75.4,0.278,1914.0,CLOSED,1900.0,2026-02-18,-0.73,6
2026-02-12,004770,103576,-2454,72.7,0.61,1656.0,CLOSED,1630.0,2026-02-18,-1.57,6
2026-02-12,005010,98504,773,76.0,0.388,4335.0,CLOSED,4290.0,2026-02-18,-1.04,6
2026-02-12,005070,86393,-12664,73.0,0.472,53300.0,CLOSED,52700.0,2026-02-18,-1.13,6
2026-02-12,005160,55486,-3752,66.0,0.657,2900.0,CLOSED,2850.0,2026-02-18,-1.72,6
2026-02-12,005420,67872,-21175,69.3,0.578,17300.0,CLOSED,16870.0,2026-02-18,-2.49,6
2026-02-12,007330,89294,1000,69.1,0.77,11650.0,CLOSED,11840.0,2026-02-18,1.63,6
2026-02-12,007390,103645,-11170,88.1,0.709,23900.0,CLOSED,23900.0,2026-02-18,0.0,6
2026-02-12,007860,88518,-17597,70.9,0.76,10950.0,CLOSED,10780.0,2026-02-18,-1.55,6
2026-02-12,009520,56757,-52498,79.4,0.759,20200.0,CLOSED,19660.0,2026-02-18,-2.67,6
2026-02-12,010280,81971,0,69.8,0.59,1139.0,CLOSED,1092.0,2026-02-18,-4.13,6
2026-02-12,010620,189955,-112800,68.3,0.0,223000.0,CLOSED,223000.0,2026-02-18,0.0,6
2026-02-12,010820,386672,-24799,74.7,0.726,4995.0,CLOSED,5200.0,2026-02-18,4.1,6
2026-02-12,011210,167426,-1794,70.2,0.633,86500.0,CLOSED,83900.0,2026-02-18,-3.01,6
2026-02-12,011230,52001,9,65.5,0.77,2845.0,CLOSED,2785.0,2026-02-18,-2.11,6
2026-02-12,012280,108980,-6253,69.5,0.59,966.0,CLOSED,982.0,2026-02-18,1.66,6
2026-02-12,012690,84404,-20,75.3,0.456,2235.0,CLOSED,2220.0,2026-02-18,-0.67,6
2026-02-12,013990,123747,-2516,74.6,0.462,4715.0,CLOSED,4690.0,2026-02-18,-0.53,6
2026-02-12,014620,209662,-68348,74.7,0.793,32950.0,CLOSED,34250.0,2026-02-18,3.95,6
2026-02-12,017040,260523,36,77.4,0.656,1465.0,CLOSED,1439.0,2026-02-18,-1.77,6
2026-02-12,021080,136147,3844,76.6,0.439,3350.0,CLOSED,3430.0,2026-02-18,2.39,6
2026-02-12,024880,58028,-2248,73.3,0.555,6050.0,CLOSED,6050.0,2026-02-18,0.0,6
2026-02-12,025900,110846,-33507,75.3,0.489,10140.0,CLOSED,9950.0,2026-02-18,-1.87,6
2026-02-12,026890,137061,6035,68.2,0.699,11750.0,CLOSED,11660.0,2026-02-18,-0.77,6
2026-02-12,027580,194696,0,70.2,0.724,813.0,CLOSED,728.0,2026-02-13,-10.46,1
2026-02-12,028050,195086,274953,88.1,0.57,33800.0,CLOSED,33900.0,2026-02-18,0.3,6
2026-02-12,028670,745466,197709,88.1,0.69,5120.0,CLOSED,5080.0,2026-02-18,-0.78,6
2026-02-12,030210,105969,-28593,69.9,0.676,4145.0,CLOSED,4440.0,2026-02-18,7.12,6
2026-02-12,031330,636962,-699293,73.3,0.768,4750.0,CLOSED,4755.0,2026-02-18,0.11,6
2026-02-12,031980,73933,26210,79.7,0.696,74100.0,CLOSED,73900.0,2026-02-18,-0.27,6
2026-02-12,033160,125299,-36,75.7,0.649,9970.0,CLOSED,9920.0,2026-02-18,-0.5,6
2026-02-12,033540,405541,-15000,77.1,0.427,1561.0,CLOSED,1512.0,2026-02-18,-3.14,6
2026-02-12,036090,278278,0,66.5,0.636,670.0,CLOSED,669.0,2026-02-18,-0.15,6
2026-02-12,042500,70645,-7774,65.4,0.759,3920.0,CLOSED,3935.0,2026-02-18,0.38,6
2026-02-12,043370,54756,-402,64.8,0.247,12490.0,CLOSED,12980.0,2026-02-18,3.92,6
2026-02-12,043610,61876,0,64.7,0.645,1902.0,CLOSED,1877.0,2026-02-18,-1.31,6
2026-02-12,046890,170427,-3907,85.3,0.479,7510.0,CLOSED,7230.0,2026-02-18,-3.73,6
2026-02-12,046940,129885,-116,72.5,0.705,4475.0,CLOSED,4470.0,2026-02-18,-0.11,6
2026-02-12,047310,385903,-625,75.5,0.566,6100.0,CLOSED,5870.0,2026-02-18,-3.77,6
2026-02-12,052400,65959,18544,73.7,0.554,61500.0,CLOSED,60000.0,2026-02-18,-2.44,6
2026-02-12,054210,109391,27967,77.9,0.593,10880.0,CLOSED,10720.0,2026-02-18,-1.47,6
2026-02-12,066910,180803,-864,73.6,0.506,688.0,CLOSED,658.0,2026-02-18,-4.36,6
2026-02-12,071090,65131,13,74.0,0.317,3800.0,CLOSED,3765.0,2026-02-18,-0.92,6
2026-02-12,072130,55850,4042,62.2,0.63,4860.0,CLOSED,4760.0,2026-02-18,-2.06,6
2026-02-12,084650,342275,-424,79.8,0.758,1756.0,CLOSED,1685.0,2026-02-18,-4.04,6
2026-02-12,085670,179350,-44238,75.9,0.647,6450.0,CLOSED,6150.0,2026-02-18,-4.65,6
2026-02-12,086280,138984,6072,65.1,0.574,261000.0,CLOSED,255000.0,2026-02-18,-2.3,6
2026-02-12,086450,158075,-22707,75.8,0.777,18150.0,CLOSED,18100.0,2026-02-18,-0.28,6
2026-02-12,089980,50636,-221,63.6,0.473,17290.0,CLOSED,22450.0,2026-02-18,29.84,6
2026-02-12,093370,213977,-97062,75.3,0.698,8280.0,CLOSED,8050.0,2026-02-18,-2.78,6
2026-02-12,094170,105245,1386,68.0,0.77,30150.0,CLOSED,30800.0,2026-02-18,2.16,6
2026-02-12,100840,86050,40718,68.4,0.535,45450.0,CLOSED,47400.0,2026-02-18,4.29,6
2026-02-12,101000,376363,0,65.5,0.735,1160.0,CLOSED,1184.0,2026-02-18,2.07,6
2026-02-12,105550,370546,-548123,77.4,0.737,1525.0,CLOSED,1484.0,2026-02-18,-2.69,6
2026-02-12,108230,98633,-100,67.9,0.752,4715.0,CLOSED,4740.0,2026-02-18,0.53,6
2026-02-12,112290,89267,2452,70.6,0.677,23800.0,CLOSED,24150.0,2026-02-18,1.47,6
2026-02-12,115180,132569,22429,69.4,0.752,38000.0,CLOSED,34500.0,2026-02-13,-9.21,1
2026-02-12,131970,94741,-4351,81.1,0.685,63300.0,CLOSED,62700.0,2026-02-18,-0.95,6
2026-02-12,137400,134545,77829,84.1,0.567,53400.0,CLOSED,51200.0,2026-02-18,-4.12,6
2026-02-12,147830,205306,-2271,73.6,0.397,7620.0,CLOSED,7790.0,2026-02-18,2.23,6
2026-02-12,151860,86168,-1176,70.1,0.517,6740.0,CLOSED,6690.0,2026-02-18,-0.74,6
2026-02-12,152550,97304,0,65.5,0.596,200.0,CLOSED,179.0,2026-02-13,-10.5,1
2026-02-12,189860,114127,1,74.0,0.629,4420.0,CLOSED,4390.0,2026-02-18,-0.68,6
2026-02-12,195870,124409,-77906,74.6,0.623,60900.0,CLOSED,58200.0,2026-02-18,-4.43,6
2026-02-12,200880,62871,-43852,72.3,0.586,15800.0,CLOSED,15400.0,2026-02-18,-2.53,6
2026-02-12,205100,65739,116660,88.1,0.792,2115.0,CLOSED,2070.0,2026-02-18,-2.13,6
2026-02-12,208710,54741,0,63.2,0.669,2370.0,CLOSED,2295.0,2026-02-18,-3.16,6
2026-02-12,218410,279588,-102357,80.8,0.481,50600.0,CLOSED,50300.0,2026-02-18,-0.59,6
2026-02-12,243840,111052,-8630,78.5,0.588,6120.0,CLOSED,5960.0,2026-02-18,-2.61,6
2026-02-12,273060,157424,0,72.4,0.73,1294.0,CLOSED,1278.0,2026-02-18,-1.24,6
2026-02-12,290650,316796,-18072,88.1,0.676,92800.0,CLOSED,95900.0,2026-02-18,3.34,6
2026-02-12,319660,124667,-100071,78.5,0.716,59300.0,CLOSED,57900.0,2026-02-18,-2.36,6
2026-02-12,334970,119000,-5854,64.6,0.602,2940.0,CLOSED,2855.0,2026-02-18,-2.89,6
2026-02-12,352820,186616,-116805,74.5,0.605,380500.0,CLOSED,390000.0,2026-02-18,2.5,6
2026-02-12,353810,146497,-13915,73.9,0.75,7720.0,CLOSED,7560.0,2026-02-18,-2.07,6
2026-02-12,377190,131830,-260566,64.7,0.75,3295.0,CLOSED,3300.0,2026-02-18,0.15,6
2026-02-12,393890,115608,50033,79.8,0.522,9950.0,CLOSED,8930.0,2026-02-13,-10.25,1
2026-02-12,403490,209259,0,63.4,0.557,1501.0,CLOSED,1493.0,2026-02-18,-0.53,6
2026-02-12,407400,70212,0,60.3,0.662,4960.0,CLOSED,4895.0,2026-02-18,-1.31,6
2026-02-12,417200,479797,-86883,86.9,0.759,16260.0,CLOSED,15980.0,2026-02-18,-1.72,6
2026-02-12,417500,59816,-43558,67.3,0.78,3470.0,CLOSED,3420.0,2026-02-18,-1.44,6
2026-02-12,446540,190628,0,75.6,0.279,4210.0,CLOSED,4090.0,2026-02-18,-2.85,6
2026-02-12,457370,139820,30594,75.8,0.653,10020.0,CLOSED,9530.0,2026-02-18,-4.89,6
2026-02-12,475830,71426,20617,72.6,0.681,117800.0,CLOSED,115500.0,2026-02-18,-1.95,6
2026-02-13,000250,139080,-55149,81.7,0.553,535000.0,CLOSED,535000.0,2026-02-18,0.0,5
2026-02-13,000270,452958,437796,74.9,0.582,164100.0,CLOSED,164100.0,2026-02-18,0.0,5
2026-02-13,001390,201030,25814,80.3,0.438,5980.0,CLOSED,5980.0,2026-02-18,0.0,5
2026-02-13,002200,287282,117173,72.9,0.672,3235.0,CLOSED,3235.0,2026-02-18,0.0,5
2026-02-13,004540,56142,-3779,75.6,0.278,1900.0,CLOSED,1900.0,2026-02-18,0.0,5
2026-02-13,004720,53388,-56,64.3,0.537,4085.0,CLOSED,4085.0,2026-02-18,0.0,5
2026-02-13,004770,141833,-2559,72.8,0.61,1630.0,CLOSED,1630.0,2026-02-18,0.0,5
2026-02-13,004870,71944,-131,70.4,0.719,461.0,CLOSED,461.0,2026-02-18,0.0,5
2026-02-13,005010,121288,3729,76.5,0.394,4290.0,CLOSED,4290.0,2026-02-18,0.0,5
2026-02-13,005070,137975,-1783,73.6,0.403,52700.0,CLOSED,52700.0,2026-02-18,0.0,5
2026-02-13,005420,194783,55235,70.6,0.578,16870.0,CLOSED,16870.0,2026-02-18,0.0,5
2026-02-13,006910,1640031,55179,73.8,0.794,9180.0,CLOSED,9180.0,2026-02-18,0.0,5
2026-02-13,007390,51014,57263,88.01599999999999,0.457,23900.0,CLOSED,23900.0,2026-02-18,0.0,5
2026-02-13,007860,120175,-18672,70.8,0.76,10780.0,CLOSED,10780.0,2026-02-18,0.0,5
2026-02-13,009320,222812,-16466,76.7,0.737,1129.0,CLOSED,1129.0,2026-02-18,0.0,5
2026-02-13,009520,113163,22564,80.5,0.615,19660.0,CLOSED,19660.0,2026-02-18,0.0,5
2026-02-13,010620,189955,-112800,68.3,0.0,223000.0,CLOSED,223000.0,2026-02-18,0.0,5
2026-02-13,010950,112779,259532,77.5,0.766,106200.0,CLOSED,106200.0,2026-02-18,0.0,5
2026-02-13,011170,115829,-19020,69.5,0.762,80300.0,CLOSED,80300.0,2026-02-18,0.0,5
2026-02-13,011700,84896,-2114,73.1,0.687,4905.0,CLOSED,4905.0,2026-02-18,0.0,5
2026-02-13,012280,121203,-15247,69.3,0.67,982.0,CLOSED,982.0,2026-02-18,0.0,5
2026-02-13,012690,71097,-170,75.3,0.456,2220.0,CLOSED,2220.0,2026-02-18,0.0,5
2026-02-13,013990,158460,-2756,74.8,0.462,4690.0,CLOSED,4690.0,2026-02-18,0.0,5
2026-02-13,014190,135232,0,68.2,0.797,1933.0,CLOSED,1933.0,2026-02-18,0.0,5
2026-02-13,017040,340601,-93,78.0,0.678,1439.0,CLOSED,1439.0,2026-02-18,0.0,5
2026-02-13,017900,112362,-10890,64.8,0.736,1950.0,CLOSED,1950.0,2026-02-18,0.0,5
2026-02-13,018260,169067,-133924,65.1,0.741,170400.0,CLOSED,170400.0,2026-02-18,0.0,5
2026-02-13,019540,64493,-18885,75.0,0.767,5270.0,CLOSED,5270.0,2026-02-18,0.0,5
2026-02-13,021080,167417,-2391,77.0,0.48,3430.0,CLOSED,3430.0,2026-02-18,0.0,5
2026-02-13,024850,92703,-66355,75.5,0.756,3110.0,CLOSED,3110.0,2026-02-18,0.0,5
2026-02-13,024880,99292,-36049,73.4,0.597,6050.0,CLOSED,6050.0,2026-02-18,0.0,5
2026-02-13,026890,125393,14636,68.3,0.681,11660.0,CLOSED,11660.0,2026-02-18,0.0,5
2026-02-13,028050,254908,297250,88.01599999999999,0.57,33900.0,CLOSED,33900.0,2026-02-18,0.0,5
2026-02-13,028670,1507360,962315,88.01599999999999,0.684,5080.0,CLOSED,5080.0,2026-02-18,0.0,5
2026-02-13,031330,373641,-279794,75.1,0.768,4755.0,CLOSED,4755.0,2026-02-18,0.0,5
2026-02-13,033160,72441,-36,75.4,0.649,9920.0,CLOSED,9920.0,2026-02-18,0.0,5
2026-02-13,033540,308588,-26500,76.9,0.388,1512.0,CLOSED,1512.0,2026-02-18,0.0,5
2026-02-13,035900,260277,-120535,82.5,0.606,70700.0,CLOSED,70700.0,2026-02-18,0.0,5
2026-02-13,036090,294726,0,66.9,0.582,669.0,CLOSED,669.0,2026-02-18,0.0,5
2026-02-13,036710,105417,0,75.8,0.792,2605.0,CLOSED,2605.0,2026-02-18,0.0,5
2026-02-13,042500,86360,-24,65.8,0.759,3935.0,CLOSED,3935.0,2026-02-18,0.0,5
2026-02-13,042520,50462,-97640,79.5,0.546,42800.0,CLOSED,42800.0,2026-02-18,0.0,5
2026-02-13,042700,96532,226871,81.2,0.797,202500.0,CLOSED,202500.0,2026-02-18,0.0,5
2026-02-13,043370,53315,5425,64.9,0.472,12980.0,CLOSED,12980.0,2026-02-18,0.0,5
2026-02-13,046890,68604,112528,85.6,0.324,7230.0,CLOSED,7230.0,2026-02-18,0.0,5
2026-02-13,046940,151585,-116,72.7,0.758,4470.0,CLOSED,4470.0,2026-02-18,0.0,5
2026-02-13,048410,548176,86963,88.01599999999999,0.534,12030.0,CLOSED,12030.0,2026-02-18,0.0,5
2026-02-13,051370,138284,-5694,70.3,0.503,12770.0,CLOSED,12770.0,2026-02-18,0.0,5
2026-02-13,052400,69050,49703,73.9,0.489,60000.0,CLOSED,60000.0,2026-02-18,0.0,5
2026-02-13,053050,94396,6,73.3,0.302,2335.0,CLOSED,2335.0,2026-02-18,0.0,5
2026-02-13,053300,155768,32023,74.6,0.611,6760.0,CLOSED,6760.0,2026-02-18,0.0,5
2026-02-13,053580,51819,33,63.7,0.718,9720.0,CLOSED,9720.0,2026-02-18,0.0,5
2026-02-13,054210,165423,27633,78.2,0.593,10720.0,CLOSED,10720.0,2026-02-18,0.0,5
2026-02-13,058820,394841,50768,83.9,0.373,2060.0,CLOSED,2060.0,2026-02-18,0.0,5
2026-02-13,066910,217273,-351,73.6,0.506,658.0,CLOSED,658.0,2026-02-18,0.0,5
2026-02-13,067290,116867,-6731,74.9,0.763,2170.0,CLOSED,2170.0,2026-02-18,0.0,5
2026-02-13,068330,50347,0,72.0,0.761,1569.0,CLOSED,1569.0,2026-02-18,0.0,5
2026-02-13,071090,90681,-44,74.2,0.431,3765.0,CLOSED,3765.0,2026-02-18,0.0,5
2026-02-13,072130,53057,222,62.5,0.659,4760.0,CLOSED,4760.0,2026-02-18,0.0,5
2026-02-13,082210,54626,0,60.6,0.763,2005.0,CLOSED,2005.0,2026-02-18,0.0,5
2026-02-13,083450,69800,-6793,72.0,0.77,28550.0,CLOSED,28550.0,2026-02-18,0.0,5
2026-02-13,083500,56897,-20624,66.5,0.683,15890.0,CLOSED,15890.0,2026-02-18,0.0,5
2026-02-13,084370,108354,-66394,75.1,0.499,112000.0,CLOSED,112000.0,2026-02-18,0.0,5
2026-02-13,086280,184357,84223,65.2,0.574,255000.0,CLOSED,255000.0,2026-02-18,0.0,5
2026-02-13,093370,417506,52102,76.1,0.605,8050.0,CLOSED,8050.0,2026-02-18,0.0,5
2026-02-13,094170,83399,1391,67.6,0.778,30800.0,CLOSED,30800.0,2026-02-18,0.0,5
2026-02-13,094820,83896,9313,74.3,0.73,17290.0,CLOSED,17290.0,2026-02-18,0.0,5
2026-02-13,095340,138722,22216,72.6,0.743,170700.0,CLOSED,170700.0,2026-02-18,0.0,5
2026-02-13,096770,198164,166093,76.4,0.775,113800.0,CLOSED,113800.0,2026-02-18,0.0,5
2026-02-13,099430,60431,-7532,75.6,0.746,5430.0,CLOSED,5430.0,2026-02-18,0.0,5
2026-02-13,099440,160938,27830,73.8,0.738,6750.0,CLOSED,6750.0,2026-02-18,0.0,5
2026-02-13,100590,63771,90,65.8,0.64,3525.0,CLOSED,3525.0,2026-02-18,0.0,5
2026-02-13,101000,131300,0,65.0,0.681,1184.0,CLOSED,1184.0,2026-02-18,0.0,5
2026-02-13,102710,93170,121914,70.1,0.677,58300.0,CLOSED,58300.0,2026-02-18,0.0,5
2026-02-13,104480,194588,-5699,75.7,0.622,1824.0,CLOSED,1824.0,2026-02-18,0.0,5
2026-02-13,105550,508087,0,78.0,0.584,1484.0,CLOSED,1484.0,2026-02-18,0.0,5
2026-02-13,108230,78484,-172,67.9,0.752,4740.0,CLOSED,4740.0,2026-02-18,0.0,5
2026-02-13,117580,65591,101,66.6,0.679,8130.0,CLOSED,8130.0,2026-02-18,0.0,5
2026-02-13,123700,51696,-31,63.2,0.574,3735.0,CLOSED,3735.0,2026-02-18,0.0,5
2026-02-13,129920,85512,-263,74.9,0.424,5420.0,CLOSED,5420.0,2026-02-18,0.0,5
2026-02-13,137400,101335,163322,84.5,0.515,51200.0,CLOSED,51200.0,2026-02-18,0.0,5
2026-02-13,147830,162828,-2271,73.6,0.408,7790.0,CLOSED,7790.0,2026-02-18,0.0,5
2026-02-13,148150,74756,18,68.1,0.754,5020.0,CLOSED,5020.0,2026-02-18,0.0,5
2026-02-13,151860,111770,12266,70.6,0.514,6690.0,CLOSED,6690.0,2026-02-18,0.0,5
2026-02-13,158430,76222,-4962,73.0,0.57,7850.0,CLOSED,7850.0,2026-02-18,0.0,5
2026-02-13,189860,96555,1,74.0,0.654,4390.0,CLOSED,4390.0,2026-02-18,0.0,5
2026-02-13,195940,108366,65268,79.1,0.521,53900.0,CLOSED,53900.0,2026-02-18,0.0,5
2026-02-13,200670,53074,-57502,61.9,0.792,41900.0,CLOSED,41900.0,2026-02-18,0.0,5
2026-02-13,203650,260434,50000,79.0,0.798,1687.0,CLOSED,1687.0,2026-02-18,0.0,5
2026-02-13,205100,105558,92094,88.01599999999999,0.694,2070.0,CLOSED,2070.0,2026-02-18,0.0,5
2026-02-13,214390,56638,-1888,64.8,0.678,5940.0,CLOSED,5940.0,2026-02-18,0.0,5
2026-02-13,218410,220481,-39658,81.5,0.471,50300.0,CLOSED,50300.0,2026-02-18,0.0,5
2026-02-13,262260,63958,-620,64.9,0.529,5450.0,CLOSED,5450.0,2026-02-18,0.0,5
2026-02-13,264450,56299,-359,69.3,0.357,12230.0,CLOSED,12230.0,2026-02-18,0.0,5
2026-02-13,273060,394240,0,72.7,0.264,1278.0,CLOSED,1278.0,2026-02-18,0.0,5
2026-02-13,290650,256415,-17825,88.01599999999999,0.381,95900.0,CLOSED,95900.0,2026-02-18,0.0,5
2026-02-13,334970,127181,-2210,64.6,0.602,2855.0,CLOSED,2855.0,2026-02-18,0.0,5
2026-02-13,353810,185378,-22012,74.7,0.75,7560.0,CLOSED,7560.0,2026-02-18,0.0,5
2026-02-13,355690,54834,257,62.7,0.644,5260.0,CLOSED,5260.0,2026-02-18,0.0,5
2026-02-13,372910,53660,3699,75.7,0.446,2855.0,CLOSED,2855.0,2026-02-18,0.0,5
2026-02-13,377190,306153,-547343,63.2,0.559,3300.0,CLOSED,3300.0,2026-02-18,0.0,5
2026-02-13,389470,241988,-212855,63.1,0.74,77700.0,CLOSED,77700.0,2026-02-18,0.0,5
2026-02-13,396300,232676,1,71.9,0.369,4670.0,CLOSED,4670.0,2026-02-18,0.0,5
2026-02-13,407400,58497,0,60.4,0.662,4895.0,CLOSED,4895.0,2026-02-18,0.0,5
2026-02-13,417200,146252,60827,86.0,0.737,15980.0,CLOSED,15980.0,2026-02-18,0.0,5
2026-02-13,417500,66209,-45459,67.2,0.709,3420.0,CLOSED,3420.0,2026-02-18,0.0,5
2026-02-13,418550,54064,-18431,68.9,0.638,8950.0,CLOSED,8950.0,2026-02-18,0.0,5
2026-02-13,432470,175845,5051,75.6,0.56,16410.0,CLOSED,16410.0,2026-02-18,0.0,5
2026-02-13,446540,127105,0,75.7,0.279,4090.0,CLOSED,4090.0,2026-02-18,0.0,5
2026-02-13,460860,185591,16094,70.4,0.654,8580.0,CLOSED,8580.0,2026-02-18,0.0,5
2026-02-13,475830,75905,30576,72.5,0.681,115500.0,CLOSED,115500.0,2026-02-18,0.0,5
2026-02-13,489460,104764,-46482,69.5,0.526,12820.0,CLOSED,12820.0,2026-02-18,0.0,5
2026-02-13,950140,57150,-23528,64.7,0.601,12750.0,CLOSED,12750.0,2026-02-18,0.0,5
2026-02-15,000250,120167,-48387,80.7,0.553,535000.0,CLOSED,636000.0,2026-02-24,18.88,9
2026-02-15,000270,450506,536885,75.2,0.582,164100.0,CLOSED,169700.0,2026-02-24,3.41,9
2026-02-15,000500,59674,-1189,63.2,0.546,89400.0,CLOSED,89400.0,2026-02-24,0.0,9
2026-02-15,000660,188108,1168296,65.3,0.571,880000.0,CLOSED,898000.0,2026-02-24,2.05,9
2026-02-15,001390,156581,4296,80.4,0.438,5980.0,CLOSED,5970.0,2026-02-24,-0.17,9
2026-02-15,002200,306042,108010,73.3,0.672,3235.0,CLOSED,3240.0,2026-02-24,0.15,9
2026-02-15,004540,53959,-1401,75.5,0.278,1900.0,CLOSED,1897.0,2026-02-24,-0.16,9
2026-02-15,004770,66126,-2674,72.3,0.61,1630.0,CLOSED,1630.0,2026-02-24,0.0,9
2026-02-15,005010,168363,460,76.9,0.394,4290.0,CLOSED,4500.0,2026-02-24,4.9,9
2026-02-15,005070,147172,-3396,73.8,0.403,52700.0,CLOSED,54800.0,2026-02-24,3.98,9
2026-02-15,005420,183582,53063,70.9,0.578,16870.0,CLOSED,17340.0,2026-02-24,2.79,9
2026-02-15,005500,63198,-1831,61.7,0.771,19400.0,CLOSED,19560.0,2026-02-24,0.82,9
2026-02-15,006400,125894,60732,79.1,0.351,374500.0,CLOSED,404000.0,2026-02-24,7.88,9
2026-02-15,006910,605930,54388,68.8,0.794,9180.0,CLOSED,9850.0,2026-02-24,7.3,9
2026-02-15,007280,51729,-268,63.2,0.596,1388.0,CLOSED,1382.0,2026-02-24,-0.43,9
2026-02-15,007860,90594,-16149,67.0,0.76,10780.0,CLOSED,11130.0,2026-02-24,3.25,9
2026-02-15,009320,127368,-312,76.3,0.737,1129.0,CLOSED,1120.0,2026-02-24,-0.8,9
2026-02-15,009520,114323,16264,80.1,0.615,19660.0,CLOSED,20300.0,2026-02-24,3.26,9
2026-02-15,010620,189955,-112800,68.3,0.0,223000.0,CLOSED,223000.0,2026-02-24,0.0,9
2026-02-15,010950,91421,238863,77.6,0.766,106200.0,CLOSED,111100.0,2026-02-24,4.61,9
2026-02-15,011170,158641,21401,69.0,0.762,80300.0,CLOSED,80900.0,2026-02-24,0.75,9
2026-02-15,011420,66549,-148,70.5,0.656,1946.0,CLOSED,1960.0,2026-02-24,0.72,9
2026-02-15,012030,100031,-165228,79.4,0.769,1715.0,CLOSED,1830.0,2026-02-24,6.71,9
2026-02-15,012280,188346,-18874,70.1,0.67,982.0,CLOSED,1044.0,2026-02-24,6.31,9
2026-02-15,013990,157111,-1901,74.8,0.462,4690.0,CLOSED,4725.0,2026-02-24,0.75,9
2026-02-15,017040,287766,-235,78.1,0.678,1439.0,CLOSED,1464.0,2026-02-24,1.74,9
2026-02-15,017900,70481,-11211,65.1,0.736,1950.0,CLOSED,1988.0,2026-02-24,1.95,9
2026-02-15,018260,201265,-167433,64.5,0.741,170400.0,CLOSED,171700.0,2026-02-24,0.76,9
2026-02-15,019540,61029,-16339,72.8,0.767,5270.0,CLOSED,5240.0,2026-02-24,-0.57,9
2026-02-15,021080,222460,-27776,77.4,0.48,3430.0,CLOSED,3630.0,2026-02-24,5.83,9
2026-02-15,024850,300971,-74072,74.6,0.756,3110.0,CLOSED,3130.0,2026-02-24,0.64,9
2026-02-15,024880,112854,-38098,73.4,0.597,6050.0,CLOSED,6195.0,2026-02-24,2.4,9
2026-02-15,026890,145648,15368,68.5,0.681,11660.0,CLOSED,11970.0,2026-02-24,2.66,9
2026-02-15,027360,205843,2522,72.9,0.586,4920.0,CLOSED,5090.0,2026-02-24,3.46,9
2026-02-15,028050,216318,348869,88.25600000000004,0.57,33900.0,CLOSED,34900.0,2026-02-24,2.95,9
2026-02-15,028670,534259,1305463,88.25600000000004,0.684,5080.0,CLOSED,5520.0,2026-02-24,8.66,9
2026-02-15,031330,360375,-323082,75.2,0.768,4755.0,CLOSED,4995.0,2026-02-24,5.05,9
2026-02-15,033540,166877,-26500,76.9,0.388,1512.0,CLOSED,1376.0,2026-02-19,-8.99,4
2026-02-15,035900,343648,-89952,82.8,0.606,70700.0,CLOSED,71700.0,2026-02-24,1.41,9
2026-02-15,042500,68621,-7449,66.0,0.759,3935.0,CLOSED,3940.0,2026-02-24,0.13,9
2026-02-15,043370,92851,4606,65.7,0.472,12980.0,CLOSED,13380.0,2026-02-24,3.08,9
2026-02-15,044490,177322,72343,72.7,0.763,32400.0,CLOSED,33100.0,2026-02-24,2.16,9
2026-02-15,046440,115977,7808,77.9,0.286,5450.0,CLOSED,5520.0,2026-02-24,1.28,9
2026-02-15,046940,61806,-116,72.4,0.758,4470.0,CLOSED,4570.0,2026-02-24,2.24,9
2026-02-15,048410,314947,85186,88.25600000000004,0.534,12030.0,CLOSED,13950.0,2026-02-24,15.96,9
2026-02-15,051370,129794,-5063,70.5,0.503,12770.0,CLOSED,12930.0,2026-02-24,1.25,9
2026-02-15,052400,58519,63787,74.0,0.489,60000.0,CLOSED,61400.0,2026-02-24,2.33,9
2026-02-15,053050,61822,3,73.1,0.302,2335.0,CLOSED,2415.0,2026-02-24,3.43,9
2026-02-15,053300,115116,29267,74.4,0.611,6760.0,CLOSED,7005.0,2026-02-24,3.62,9
2026-02-15,053580,67035,37,63.8,0.718,9720.0,CLOSED,9970.0,2026-02-24,2.57,9
2026-02-15,054210,116945,26142,77.7,0.593,10720.0,CLOSED,11090.0,2026-02-24,3.45,9
2026-02-15,058820,625911,40859,84.8,0.373,2060.0,CLOSED,2120.0,2026-02-24,2.91,9
2026-02-15,064400,134318,81104,62.4,0.792,71100.0,CLOSED,71700.0,2026-02-24,0.84,9
2026-02-15,067290,364710,57688,76.2,0.763,2170.0,CLOSED,2255.0,2026-02-24,3.92,9
2026-02-15,068330,125079,-1005,72.1,0.761,1569.0,CLOSED,1639.0,2026-02-24,4.46,9
2026-02-15,082210,80237,0,60.7,0.763,2005.0,CLOSED,2095.0,2026-02-24,4.49,9
2026-02-15,083650,51088,38090,84.3,0.453,75300.0,CLOSED,83200.0,2026-02-24,10.49,9
2026-02-15,084370,182964,-72302,76.7,0.499,112000.0,CLOSED,135100.0,2026-02-24,20.62,9
2026-02-15,086280,202174,71932,65.7,0.574,255000.0,CLOSED,261500.0,2026-02-24,2.55,9
2026-02-15,086450,94057,-6245,75.9,0.524,18100.0,CLOSED,20750.0,2026-02-24,14.64,9
2026-02-15,093370,353868,-12737,75.9,0.605,8050.0,CLOSED,8390.0,2026-02-24,4.22,9
2026-02-15,094170,89079,1391,68.0,0.778,30800.0,CLOSED,31400.0,2026-02-24,1.95,9
2026-02-15,094800,88438,107149,69.4,0.6,6090.0,CLOSED,6260.0,2026-02-24,2.79,9
2026-02-15,094820,169468,8585,74.1,0.73,17290.0,CLOSED,19820.0,2026-02-24,14.63,9
2026-02-15,095340,148446,-58773,72.7,0.743,170700.0,CLOSED,188900.0,2026-02-24,10.66,9
2026-02-15,096770,299705,152902,76.5,0.775,113800.0,CLOSED,118800.0,2026-02-24,4.39,9
2026-02-15,099440,203376,26249,73.8,0.738,6750.0,CLOSED,6680.0,2026-02-24,-1.04,9
2026-02-15,101530,57952,-5449,64.3,0.788,6980.0,CLOSED,7020.0,2026-02-24,0.57,9
2026-02-15,104480,186084,-6176,77.2,0.622,1824.0,CLOSED,1900.0,2026-02-24,4.17,9
2026-02-15,105550,346295,0,78.1,0.584,1484.0,CLOSED,1495.0,2026-02-24,0.74,9
2026-02-15,105840,99223,-62317,69.5,0.485,25800.0,CLOSED,26400.0,2026-02-24,2.33,9
2026-02-15,112290,73741,-2482,70.7,0.677,24150.0,CLOSED,25000.0,2026-02-24,3.52,9
2026-02-15,117580,90729,1200,66.9,0.679,8130.0,CLOSED,8320.0,2026-02-24,2.34,9
2026-02-15,129920,112652,6660,75.4,0.424,5420.0,CLOSED,6400.0,2026-02-24,18.08,9
2026-02-15,147830,158952,7729,73.6,0.408,7790.0,CLOSED,7910.0,2026-02-24,1.54,9
2026-02-15,148150,122187,19,68.2,0.754,5020.0,CLOSED,5100.0,2026-02-24,1.59,9
2026-02-15,151860,64847,-6707,70.5,0.514,6690.0,CLOSED,6940.0,2026-02-24,3.74,9
2026-02-15,158430,126192,-3601,73.6,0.57,7850.0,CLOSED,7830.0,2026-02-24,-0.25,9
2026-02-15,170030,61359,2665,66.5,0.557,6290.0,CLOSED,6430.0,2026-02-24,2.23,9
2026-02-15,189860,73978,0,73.9,0.654,4390.0,CLOSED,4430.0,2026-02-24,0.91,9
2026-02-15,195940,123250,32031,78.7,0.521,53900.0,CLOSED,57000.0,2026-02-24,5.75,9
2026-02-15,200670,70368,-34643,62.0,0.792,41900.0,CLOSED,45550.0,2026-02-24,8.71,9
2026-02-15,200880,63996,-66618,71.4,0.586,15400.0,CLOSED,16260.0,2026-02-24,5.58,9
2026-02-15,203650,298702,50000,79.4,0.798,1687.0,CLOSED,1685.0,2026-02-24,-0.12,9
2026-02-15,214390,53003,-1681,64.6,0.678,5940.0,CLOSED,6060.0,2026-02-24,2.02,9
2026-02-15,218410,284570,-191398,81.3,0.471,50300.0,CLOSED,58900.0,2026-02-24,17.1,9
2026-02-15,273060,496651,0,73.0,0.264,1278.0,CLOSED,1230.0,2026-02-24,-3.76,9
2026-02-15,290650,332564,12767,88.25600000000004,0.381,95900.0,CLOSED,119800.0,2026-02-24,24.92,9
2026-02-15,334970,94801,-414,64.6,0.602,2855.0,CLOSED,2805.0,2026-02-24,-1.75,9
2026-02-15,350520,51301,-80389,61.0,0.588,3870.0,CLOSED,3870.0,2026-02-24,0.0,9
2026-02-15,353810,94693,-10024,74.6,0.75,7560.0,CLOSED,7520.0,2026-02-24,-0.53,9
2026-02-15,355690,74674,257,63.2,0.644,5260.0,CLOSED,4740.0,2026-02-19,-9.89,4
2026-02-15,361570,75611,-25509,66.7,0.59,2025.0,CLOSED,2025.0,2026-02-24,0.0,9
2026-02-15,365270,82887,-16832,73.6,0.746,13970.0,CLOSED,14870.0,2026-02-24,6.44,9
2026-02-15,377190,354658,-668176,63.9,0.559,3300.0,CLOSED,3245.0,2026-02-24,-1.67,9
2026-02-15,389470,264825,-198163,63.4,0.74,77700.0,CLOSED,73300.0,2026-02-24,-5.66,9
2026-02-15,396300,232679,1,72.5,0.369,4670.0,CLOSED,4600.0,2026-02-24,-1.5,9
2026-02-15,407400,75576,0,60.4,0.662,4895.0,CLOSED,4910.0,2026-02-24,0.31,9
2026-02-15,408920,56638,25946,64.2,0.331,3620.0,CLOSED,3610.0,2026-02-24,-0.28,9
2026-02-15,417310,102173,23561,67.2,0.745,8960.0,CLOSED,8920.0,2026-02-24,-0.45,9
2026-02-15,417500,52225,-24640,67.3,0.709,3420.0,CLOSED,3645.0,2026-02-24,6.58,9
2026-02-15,432470,68210,62,75.4,0.56,16410.0,CLOSED,15650.0,2026-02-24,-4.63,9
2026-02-15,446540,72509,0,75.6,0.279,4090.0,CLOSED,4220.0,2026-02-24,3.18,9
2026-02-15,460860,202956,17105,70.9,0.654,8580.0,CLOSED,8710.0,2026-02-24,1.52,9
2026-02-15,475830,68701,38767,71.9,0.681,115500.0,CLOSED,113600.0,2026-02-24,-1.65,9
2026-02-15,489460,101860,-41521,69.6,0.526,12820.0,CLOSED,12790.0,2026-02-24,-0.23,9
2026-02-15,950140,75198,-29613,65.0,0.601,12750.0,CLOSED,13000.0,2026-02-24,1.96,9
2026-02-16,033540,166877,-26500,76.9,0.388,1512.0,CLOSED,1376.0,2026-02-19,-8.99,3
2026-02-16,355690,74674,257,63.2,0.644,5260.0,CLOSED,4740.0,2026-02-19,-9.89,3
2026-02-18,033540,166877,-26500,76.9,0.388,1512.0,CLOSED,1376.0,2026-02-19,-8.99,1
2026-02-18,355690,74674,257,63.2,0.644,5260.0,CLOSED,4740.0,2026-02-19,-9.89,1
2026-02-19,002710,78742,-5768,69.5,0.503,16100.0,CLOSED,16100.0,2026-02-24,0.0,5
2026-02-19,003160,201529,48751,77.3,0.72,36550.0,CLOSED,36550.0,2026-02-24,0.0,5
2026-02-19,004140,353103,944,76.2,0.765,2670.0,CLOSED,2670.0,2026-02-24,0.0,5
2026-02-19,006730,419427,-84975,86.0,0.675,17270.0,CLOSED,17270.0,2026-02-24,0.0,5
2026-02-19,008700,53711,-448,77.3,0.761,1318.0,CLOSED,1318.0,2026-02-24,0.0,5
2026-02-19,008970,286045,-2727,69.1,0.284,1867.0,CLOSED,1867.0,2026-02-24,0.0,5
2026-02-19,009900,186417,-21802,71.1,0.761,9340.0,CLOSED,9340.0,2026-02-24,0.0,5
2026-02-19,018500,83526,-504,76.2,0.506,1648.0,CLOSED,1648.0,2026-02-24,0.0,5
2026-02-19,025900,75682,-33754,75.5,0.449,10190.0,CLOSED,10190.0,2026-02-24,0.0,5
2026-02-19,026150,54740,14,67.8,0.769,7110.0,CLOSED,7110.0,2026-02-24,0.0,5
2026-02-19,032350,399306,95403,86.0,0.798,24800.0,CLOSED,24800.0,2026-02-24,0.0,5
2026-02-19,037030,56881,-21839,71.4,0.509,3000.0,CLOSED,3000.0,2026-02-24,0.0,5
2026-02-19,039200,70347,-7160,85.7,0.437,56800.0,CLOSED,56800.0,2026-02-24,0.0,5
2026-02-19,041190,438799,-51105,86.8,0.692,8320.0,CLOSED,8320.0,2026-02-24,0.0,5
2026-02-19,042600,167595,19177,65.1,0.354,14050.0,CLOSED,14050.0,2026-02-24,0.0,5
2026-02-19,047310,297639,-9,76.8,0.641,6110.0,CLOSED,6110.0,2026-02-24,0.0,5
2026-02-19,051910,263588,-20208,68.1,0.58,334500.0,CLOSED,334500.0,2026-02-24,0.0,5
2026-02-19,059210,55844,-768,70.5,0.799,5030.0,CLOSED,5030.0,2026-02-24,0.0,5
2026-02-19,064550,65452,-27725,67.7,0.543,13360.0,CLOSED,13360.0,2026-02-24,0.0,5
2026-02-19,085670,130404,-49023,76.2,0.757,6370.0,CLOSED,6370.0,2026-02-24,0.0,5
2026-02-19,086960,198196,22,77.6,0.47,1443.0,CLOSED,1443.0,2026-02-24,0.0,5
2026-02-19,092730,70921,-34029,64.2,0.582,20450.0,CLOSED,20450.0,2026-02-24,0.0,5
2026-02-19,094480,149812,40,76.3,0.615,11240.0,CLOSED,11240.0,2026-02-24,0.0,5
2026-02-19,095570,107594,-167897,75.5,0.464,5380.0,CLOSED,5380.0,2026-02-24,0.0,5
2026-02-19,096350,489658,0,76.7,0.757,2240.0,CLOSED,2240.0,2026-02-24,0.0,5
2026-02-19,097230,59416,-187860,77.0,0.549,25550.0,CLOSED,25550.0,2026-02-24,0.0,5
2026-02-19,123040,76000,-31497,69.2,0.682,2310.0,CLOSED,2310.0,2026-02-24,0.0,5
2026-02-19,131370,57515,-20607,61.8,0.676,2315.0,CLOSED,2315.0,2026-02-24,0.0,5
2026-02-19,198080,57362,-1445,64.7,0.672,2430.0,CLOSED,2430.0,2026-02-24,0.0,5
2026-02-19,214150,79795,-40767,82.7,0.723,70700.0,CLOSED,70700.0,2026-02-24,0.0,5
2026-02-19,216080,63430,-104666,76.4,0.444,10310.0,CLOSED,10310.0,2026-02-24,0.0,5
2026-02-19,217730,246197,0,66.5,0.767,2200.0,CLOSED,2200.0,2026-02-24,0.0,5
2026-02-19,217820,85429,-12005,76.8,0.739,4115.0,CLOSED,4115.0,2026-02-24,0.0,5
2026-02-19,241690,72757,-797,74.5,0.251,3905.0,CLOSED,3905.0,2026-02-24,0.0,5
2026-02-19,243840,78906,-14264,78.4,0.494,6210.0,CLOSED,6210.0,2026-02-24,0.0,5
2026-02-19,393890,150096,15445,79.7,0.678,9540.0,CLOSED,9540.0,2026-02-24,0.0,5
2026-02-19,439580,82386,-75,75.2,0.745,4500.0,CLOSED,4500.0,2026-02-24,0.0,5
2026-02-19,450950,52962,43163,64.1,0.579,14260.0,CLOSED,14260.0,2026-02-24,0.0,5
2026-02-19,457550,89365,3118,74.6,0.607,28900.0,CLOSED,28900.0,2026-02-24,0.0,5
2026-02-24,003670,120993,-46486,77.5,0.524,235000.0,CLOSED,235000.0,2026-03-03,0.0,7
2026-02-24,042700,332673,-238615,80.1,0.797,201000.0,CLOSED,201000.0,2026-03-03,0.0,7
2026-02-24,462870,81420,-28971,62.9,0.561,34000.0,CLOSED,34000.0,2026-03-03,0.0,7
2026-02-24,336260,263900,273255,77.3,0.735,36600.0,CLOSED,36600.0,2026-03-03,0.0,7
2026-02-24,025540,51856,-41072,61.2,0.653,75600.0,CLOSED,75600.0,2026-03-03,0.0,7
2026-02-24,006220,103292,-25516,76.2,0.421,15780.0,CLOSED,15780.0,2026-03-03,0.0,7
2026-02-24,092790,62426,302758,74.6,0.43,11740.0,CLOSED,11740.0,2026-03-03,0.0,7
2026-02-24,018470,356318,-29095,76.3,0.491,1291.0,CLOSED,1291.0,2026-03-03,0.0,7
2026-02-24,363280,70378,58,65.0,0.735,2580.0,CLOSED,2580.0,2026-03-03,0.0,7
2026-02-24,008350,320705,-15623,76.4,0.723,1290.0,CLOSED,1290.0,2026-03-03,0.0,7
2026-02-24,014580,77593,18324,66.5,0.8,4730.0,CLOSED,4730.0,2026-03-03,0.0,7
2026-02-24,011700,126296,-184,74.1,0.7,4995.0,CLOSED,4995.0,2026-03-03,0.0,7
2026-02-24,071090,73815,15,72.0,0.437,3880.0,CLOSED,3880.0,2026-03-03,0.0,7
2026-02-24,024900,68001,775,63.3,0.559,2177.0,CLOSED,2177.0,2026-03-03,0.0,7
2026-02-24,372910,105586,2527,76.0,0.4,2855.0,CLOSED,2855.0,2026-03-03,0.0,7
2026-02-24,047400,233300,-1042,77.0,0.52,1553.0,CLOSED,1553.0,2026-03-03,0.0,7
2026-02-24,021050,237437,108,75.0,0.783,1255.0,CLOSED,1255.0,2026-03-03,0.0,7
2026-02-24,033250,153372,25,69.8,0.607,1030.0,CLOSED,1030.0,2026-03-03,0.0,7
2026-02-24,086520,320819,451201,88.5,0.402,172200.0,CLOSED,172200.0,2026-03-03,0.0,7
2026-02-24,403870,878660,-795825,87.8,0.395,46250.0,CLOSED,46250.0,2026-03-03,0.0,7
2026-02-24,310210,96991,26103,68.4,0.559,233500.0,CLOSED,233500.0,2026-03-03,0.0,7
2026-02-24,068760,88576,94101,77.5,0.575,75800.0,CLOSED,75800.0,2026-03-03,0.0,7
2026-02-24,089030,180206,-59696,74.5,0.584,47150.0,CLOSED,47150.0,2026-03-03,0.0,7
2026-02-24,222080,294722,110934,83.4,0.548,13530.0,CLOSED,13530.0,2026-03-03,0.0,7
2026-02-24,102710,72722,47573,70.8,0.677,61100.0,CLOSED,61100.0,2026-03-03,0.0,7
2026-02-24,036540,1431814,468664,88.5,0.51,7490.0,CLOSED,7490.0,2026-03-03,0.0,7
2026-02-24,036620,98762,-80817,88.5,0.758,6960.0,CLOSED,6960.0,2026-03-03,0.0,7
2026-02-24,032500,73247,38028,80.9,0.67,20700.0,CLOSED,20700.0,2026-03-03,0.0,7
2026-02-24,059090,110748,44724,88.5,0.491,17330.0,CLOSED,17330.0,2026-03-03,0.0,7
2026-02-24,372320,80240,-4879,64.6,0.741,52000.0,CLOSED,52000.0,2026-03-03,0.0,7
2026-02-24,036200,57844,-238121,72.4,0.59,10720.0,CLOSED,10720.0,2026-03-03,0.0,7
2026-02-24,024060,50640,-4073,75.5,0.706,15250.0,CLOSED,15250.0,2026-03-03,0.0,7
2026-02-24,092070,87681,543,66.1,0.575,20400.0,CLOSED,20400.0,2026-03-03,0.0,7
2026-02-24,205100,614433,63202,88.5,0.746,2100.0,CLOSED,2100.0,2026-03-03,0.0,7
2026-02-24,060590,61879,1716,64.8,0.701,4265.0,CLOSED,4265.0,2026-03-03,0.0,7
2026-02-24,123410,522027,166276,77.5,0.78,8690.0,CLOSED,8690.0,2026-03-03,0.0,7
2026-02-24,125210,71536,-7995,67.9,0.771,7840.0,CLOSED,7840.0,2026-03-03,0.0,7
2026-02-24,013310,213269,-139,78.1,0.432,3560.0,CLOSED,3560.0,2026-03-03,0.0,7
2026-02-24,039560,176496,-5625,75.2,0.727,3940.0,CLOSED,3940.0,2026-03-03,0.0,7
2026-02-24,010170,2101590,283580,76.2,0.702,3585.0,CLOSED,3585.0,2026-03-03,0.0,7
2026-02-24,053700,52425,-21288,70.4,0.729,8010.0,CLOSED,8010.0,2026-03-03,0.0,7
2026-02-24,263800,67363,0,60.4,0.669,5110.0,CLOSED,5110.0,2026-03-03,0.0,7
2026-02-24,300120,229546,-65161,67.3,0.769,2245.0,CLOSED,2245.0,2026-03-03,0.0,7
2026-02-24,039240,53171,-346,62.9,0.8,2720.0,CLOSED,2720.0,2026-03-03,0.0,7
2026-02-24,053270,130779,-11693,70.7,0.6,2470.0,CLOSED,2470.0,2026-03-03,0.0,7
2026-02-24,092300,76153,0,72.9,0.543,3725.0,CLOSED,3725.0,2026-03-03,0.0,7
2026-02-25,000270,684441,419610,78.5,0.73,169700.0,CLOSED,169700.0,2026-03-03,0.0,6
2026-02-25,000660,1404468,454822,67.6,0.601,898000.0,CLOSED,898000.0,2026-03-03,0.0,6
2026-02-25,051910,299632,-48311,68.8,0.58,334500.0,CLOSED,334500.0,2026-03-03,0.0,6
2026-02-25,006400,196303,77539,77.8,0.483,404000.0,CLOSED,404000.0,2026-03-03,0.0,6
2026-02-25,018260,174307,-110227,65.0,0.721,171700.0,CLOSED,171700.0,2026-03-03,0.0,6
2026-02-25,086280,131600,51324,66.5,0.589,261500.0,CLOSED,261500.0,2026-03-03,0.0,6
2026-02-25,010620,189955,-112800,68.3,0.0,223000.0,CLOSED,223000.0,2026-03-03,0.0,6
2026-02-25,028050,162290,147873,88.5,0.722,34900.0,CLOSED,34900.0,2026-03-03,0.0,6
2026-02-25,032350,778343,-488389,85.0,0.798,24800.0,CLOSED,24800.0,2026-03-03,0.0,6
2026-02-25,005070,107935,-12242,74.7,0.462,54800.0,CLOSED,54800.0,2026-03-03,0.0,6
2026-02-25,000500,69979,8191,63.8,0.558,89400.0,CLOSED,89400.0,2026-03-03,0.0,6
2026-02-25,097230,1278095,-74164,81.9,0.549,25550.0,CLOSED,25550.0,2026-03-03,0.0,6
2026-02-25,005420,138257,58199,71.8,0.595,17340.0,CLOSED,17340.0,2026-03-03,0.0,6
2026-02-25,460860,117256,-7264,72.0,0.683,8710.0,CLOSED,8710.0,2026-03-03,0.0,6
2026-02-25,093370,394626,96109,78.2,0.605,8390.0,CLOSED,8390.0,2026-03-03,0.0,6
2026-02-25,026890,177200,45397,69.4,0.775,11970.0,CLOSED,11970.0,2026-03-03,0.0,6
2026-02-25,008970,295779,-862,81.0,0.284,1867.0,CLOSED,1867.0,2026-03-03,0.0,6
2026-02-25,001390,299938,9176,81.6,0.449,5970.0,CLOSED,5970.0,2026-03-03,0.0,6
2026-02-25,377190,138828,-483125,62.9,0.5,3245.0,CLOSED,3245.0,2026-03-03,0.0,6
2026-02-25,005500,84809,-3958,62.9,0.785,19560.0,CLOSED,19560.0,2026-03-03,0.0,6
2026-02-25,005010,169177,-31458,78.7,0.641,4500.0,CLOSED,4500.0,2026-03-03,0.0,6
2026-02-25,417310,134107,14571,65.9,0.725,8920.0,CLOSED,8920.0,2026-03-03,0.0,6
2026-02-25,004140,321986,-605,76.9,0.765,2670.0,CLOSED,2670.0,2026-03-03,0.0,6
2026-02-25,002200,75818,139772,73.4,0.621,3240.0,CLOSED,3240.0,2026-03-03,0.0,6
2026-02-25,017900,126413,-1221,65.9,0.764,1988.0,CLOSED,1988.0,2026-03-03,0.0,6
2026-02-25,008700,295198,47,76.7,0.761,1318.0,CLOSED,1318.0,2026-03-03,0.0,6
2026-02-25,009320,228989,-34444,73.3,0.701,1120.0,CLOSED,1120.0,2026-03-03,0.0,6
2026-02-25,017040,231023,-926,79.4,0.567,1464.0,CLOSED,1464.0,2026-03-03,0.0,6
2026-02-25,000250,91855,60618,81.4,0.746,636000.0,CLOSED,636000.0,2026-03-03,0.0,6
2026-02-25,214150,153349,35108,84.1,0.723,70700.0,CLOSED,70700.0,2026-03-03,0.0,6
2026-02-25,035900,78378,-4266,83.9,0.606,71700.0,CLOSED,71700.0,2026-03-03,0.0,6
2026-02-25,083650,582368,245545,88.0,0.664,83200.0,CLOSED,83200.0,2026-03-03,0.0,6
2026-02-25,195940,185123,81920,79.1,0.521,57000.0,CLOSED,57000.0,2026-03-03,0.0,6
2026-02-25,039200,254467,124771,86.1,0.437,56800.0,CLOSED,56800.0,2026-03-03,0.0,6
2026-02-25,009520,149701,143871,83.0,0.615,20300.0,CLOSED,20300.0,2026-03-03,0.0,6
2026-02-25,006730,553793,-456828,81.2,0.675,17270.0,CLOSED,17270.0,2026-03-03,0.0,6
2026-02-25,475830,320931,-297479,70.4,0.608,113600.0,CLOSED,113600.0,2026-03-03,0.0,6
2026-02-25,064550,66803,-24307,67.6,0.543,13360.0,CLOSED,13360.0,2026-03-03,0.0,6
2026-02-25,031330,347548,-27907,75.6,0.68,4995.0,CLOSED,4995.0,2026-03-03,0.0,6
2026-02-25,092730,51509,-46466,63.9,0.582,20450.0,CLOSED,20450.0,2026-03-03,0.0,6
2026-02-25,151860,83142,-18989,71.9,0.66,6940.0,CLOSED,6940.0,2026-03-03,0.0,6
2026-02-25,950140,142182,-16042,66.3,0.66,13000.0,CLOSED,13000.0,2026-03-03,0.0,6
2026-02-25,058820,734127,20055,85.1,0.433,2120.0,CLOSED,2120.0,2026-03-03,0.0,6
2026-02-25,393890,216123,177345,78.6,0.678,9540.0,CLOSED,9540.0,2026-03-03,0.0,6
2026-02-25,099440,234380,50839,75.0,0.746,6680.0,CLOSED,6680.0,2026-03-03,0.0,6
2026-02-25,024850,217894,-66726,76.4,0.726,3130.0,CLOSED,3130.0,2026-03-03,0.0,6
2026-02-25,457550,53640,51361,75.0,0.607,28900.0,CLOSED,28900.0,2026-03-03,0.0,6
2026-02-25,216080,242233,-126233,75.0,0.444,10310.0,CLOSED,10310.0,2026-03-03,0.0,6
2026-02-25,112290,63573,-6576,71.7,0.773,25000.0,CLOSED,25000.0,2026-03-03,0.0,6
2026-02-25,046440,146537,10142,78.1,0.286,5520.0,CLOSED,5520.0,2026-03-03,0.0,6
2026-02-25,105550,164103,0,77.5,0.676,1495.0,CLOSED,1495.0,2026-03-03,0.0,6
2026-02-25,053580,60136,38,64.5,0.718,9970.0,CLOSED,9970.0,2026-03-03,0.0,6
2026-02-25,054210,184108,-37833,74.4,0.65,11090.0,CLOSED,11090.0,2026-03-03,0.0,6
2026-02-25,123040,91096,-9680,67.0,0.682,2310.0,CLOSED,2310.0,2026-03-03,0.0,6
2026-02-25,013990,125332,-1968,75.1,0.462,4725.0,CLOSED,4725.0,2026-03-03,0.0,6
2026-02-25,047310,372301,767,78.2,0.641,6110.0,CLOSED,6110.0,2026-03-03,0.0,6
2026-02-25,059210,311614,-15066,73.9,0.799,5030.0,CLOSED,5030.0,2026-03-03,0.0,6
2026-02-25,217820,124491,2601,76.7,0.739,4115.0,CLOSED,4115.0,2026-03-03,0.0,6
2026-02-25,104480,659025,-13888,78.6,0.619,1900.0,CLOSED,1900.0,2026-03-03,0.0,6
2026-02-25,147830,169410,19918,75.9,0.404,7910.0,CLOSED,7910.0,2026-03-03,0.0,6
2026-02-25,021080,213712,-58307,77.4,0.692,3630.0,CLOSED,3630.0,2026-03-03,0.0,6
2026-02-25,042600,161318,18394,65.1,0.354,14050.0,CLOSED,14050.0,2026-03-03,0.0,6
2026-02-25,417500,83391,-24640,68.5,0.745,3645.0,CLOSED,3645.0,2026-03-03,0.0,6
2026-02-25,085670,86714,-82448,75.3,0.757,6370.0,CLOSED,6370.0,2026-03-03,0.0,6
2026-02-25,396300,363631,-4999,73.0,0.451,4600.0,CLOSED,4600.0,2026-03-03,0.0,6
2026-02-25,170030,100885,11875,65.7,0.5,6430.0,CLOSED,6430.0,2026-03-03,0.0,6
2026-02-25,024880,223562,-60716,71.4,0.703,6195.0,CLOSED,6195.0,2026-03-03,0.0,6
2026-02-25,446540,55196,0,75.5,0.314,4220.0,CLOSED,4220.0,2026-03-03,0.0,6
2026-02-25,067290,442995,86336,76.7,0.687,2255.0,CLOSED,2255.0,2026-03-03,0.0,6
2026-02-25,096350,411201,3055,78.1,0.757,2240.0,CLOSED,2240.0,2026-03-03,0.0,6
2026-02-25,217730,310044,0,68.7,0.767,2200.0,CLOSED,2200.0,2026-03-03,0.0,6
2026-02-25,241690,126177,2799,74.3,0.251,3905.0,CLOSED,3905.0,2026-03-03,0.0,6
2026-02-25,019540,168300,-2438,69.7,0.746,5240.0,CLOSED,5240.0,2026-03-03,0.0,6
2026-02-25,037030,157897,-27000,71.8,0.509,3000.0,CLOSED,3000.0,2026-03-03,0.0,6
2026-02-25,361570,100915,-30621,66.9,0.59,2025.0,CLOSED,2025.0,2026-03-03,0.0,6
2026-02-25,198080,117051,-3453,66.1,0.672,2430.0,CLOSED,2430.0,2026-03-03,0.0,6
2026-02-26,005380,79892,216031,60.1,0.548,515000.0,CLOSED,515000.0,2026-03-03,0.0,5
2026-02-26,373220,83472,-12320,69.8,0.447,403000.0,CLOSED,403000.0,2026-03-03,0.0,5
2026-02-26,192820,54977,-53361,64.3,0.756,200000.0,CLOSED,200000.0,2026-03-03,0.0,5
2026-02-26,019170,73456,-7607,67.8,0.646,12720.0,CLOSED,12720.0,2026-03-03,0.0,5
2026-02-26,003160,190838,-136388,76.4,0.72,36550.0,CLOSED,36550.0,2026-03-03,0.0,5
2026-02-26,088260,90048,258971,66.9,0.772,4785.0,CLOSED,4785.0,2026-03-03,0.0,5
2026-02-26,011500,155801,10175,76.1,0.378,25250.0,CLOSED,25250.0,2026-03-03,0.0,5
2026-02-26,005950,88972,828,75.4,0.664,9410.0,CLOSED,9410.0,2026-03-03,0.0,5
2026-02-26,018500,103449,-251,75.9,0.506,1648.0,CLOSED,1648.0,2026-03-03,0.0,5
2026-02-26,137400,61559,47995,83.7,0.427,53100.0,CLOSED,53100.0,2026-03-03,0.0,5
2026-02-26,094170,54287,3333,68.1,0.694,31400.0,CLOSED,31400.0,2026-03-03,0.0,5
2026-02-26,445090,50084,-2011,66.0,0.674,32800.0,CLOSED,32800.0,2026-03-03,0.0,5
2026-02-26,089010,67611,-8329,71.9,0.716,33700.0,CLOSED,33700.0,2026-03-03,0.0,5
2026-02-26,039440,69912,-104848,73.3,0.662,36750.0,CLOSED,36750.0,2026-03-03,0.0,5
2026-02-26,252990,388511,171823,88.227,0.445,11950.0,CLOSED,11950.0,2026-03-03,0.0,5
2026-02-26,418550,76281,4126,68.5,0.688,8940.0,CLOSED,8940.0,2026-03-03,0.0,5
2026-02-26,254490,52238,0,75.1,0.746,18120.0,CLOSED,18120.0,2026-03-03,0.0,5
2026-02-26,033640,51544,-18822,67.6,0.477,18440.0,CLOSED,18440.0,2026-03-03,0.0,5
2026-02-26,110990,102246,63055,66.7,0.525,21650.0,CLOSED,21650.0,2026-03-03,0.0,5
2026-02-26,071200,77714,0,66.1,0.307,6800.0,CLOSED,6800.0,2026-03-03,0.0,5
2026-02-26,033160,148159,1,77.9,0.598,10330.0,CLOSED,10330.0,2026-03-03,0.0,5
2026-02-26,243840,86911,-7633,76.9,0.494,6210.0,CLOSED,6210.0,2026-03-03,0.0,5
2026-02-26,439580,61657,327,74.9,0.745,4500.0,CLOSED,4500.0,2026-03-03,0.0,5
2026-02-26,425040,133076,-80545,74.2,0.575,10130.0,CLOSED,10130.0,2026-03-03,0.0,5
2026-02-26,064290,118592,-17080,69.8,0.547,17370.0,CLOSED,17370.0,2026-03-03,0.0,5
2026-02-26,259630,58586,29651,66.7,0.597,13260.0,CLOSED,13260.0,2026-03-03,0.0,5
2026-02-26,417840,69542,-309154,70.7,0.478,6940.0,CLOSED,6940.0,2026-03-03,0.0,5
2026-02-26,056700,60872,0,65.0,0.587,1878.0,CLOSED,1878.0,2026-03-03,0.0,5
2026-02-26,184230,73727,0,60.7,0.632,595.0,CLOSED,595.0,2026-03-03,0.0,5
2026-02-26,351320,103506,-200899,64.7,0.779,1201.0,CLOSED,1201.0,2026-03-03,0.0,5
2026-02-26,048470,53343,1,71.9,0.7,3480.0,CLOSED,3480.0,2026-03-03,0.0,5
2026-02-26,353190,171086,0,65.4,0.771,671.0,CLOSED,671.0,2026-03-03,0.0,5
2026-02-27,064400,378287,-9233,62.0,0.724,71700.0,CLOSED,71700.0,2026-03-04,0.0,5
2026-02-27,090080,57735,-748,67.7,0.549,959.0,CLOSED,959.0,2026-03-04,0.0,5
2026-02-27,277810,142142,32567,72.4,0.486,719000.0,CLOSED,719000.0,2026-03-04,0.0,5
2026-02-27,237690,85850,-72185,70.6,0.453,154000.0,CLOSED,154000.0,2026-03-04,0.0,5
2026-02-27,005290,53669,-17749,86.7,0.317,54500.0,CLOSED,54500.0,2026-03-04,0.0,5
2026-02-27,036830,321545,-14193,71.4,0.453,55900.0,CLOSED,55900.0,2026-03-04,0.0,5
2026-02-27,056190,223162,-28185,73.5,0.373,32850.0,CLOSED,32850.0,2026-03-04,0.0,5
2026-02-27,080220,458284,43447,80.6,0.742,46800.0,CLOSED,46800.0,2026-03-04,0.0,5
2026-02-27,489460,59933,-315175,63.6,0.573,12790.0,CLOSED,12790.0,2026-03-04,0.0,5
2026-02-27,353810,70418,-9787,74.5,0.75,7520.0,CLOSED,7520.0,2026-03-04,0.0,5
2026-02-27,322310,109627,1776,67.1,0.795,26400.0,CLOSED,26400.0,2026-03-04,0.0,5
2026-02-27,445180,95761,-4884,66.7,0.634,9820.0,CLOSED,9820.0,2026-03-04,0.0,5
2026-02-27,039420,71679,944,62.9,0.571,2765.0,CLOSED,2765.0,2026-03-04,0.0,5
2026-02-27,066910,148767,26889,74.7,0.494,667.0,CLOSED,667.0,2026-03-04,0.0,5
2026-03-03,101490,159585,-98337,76.3,0.393,93100.0,CLOSED,93100.0,2026-03-10,0.0,7
2026-03-03,417200,73551,243270,82.6,0.74,16530.0,CLOSED,16530.0,2026-03-10,0.0,7
2026-03-03,027360,1322821,-50514,74.0,0.586,5090.0,CLOSED,5090.0,2026-03-10,0.0,7
2026-03-03,051370,101901,-36588,70.7,0.458,12930.0,CLOSED,12930.0,2026-03-10,0.0,7
2026-03-03,339950,53523,2227,71.1,0.489,2125.0,CLOSED,2125.0,2026-03-10,0.0,7
2026-03-04,373220,318197,94327,70.9,0.447,403000.0,CLOSED,403000.0,2026-03-10,0.0,6
2026-03-04,051910,699145,256243,76.5,0.58,334500.0,CLOSED,334500.0,2026-03-10,0.0,6
2026-03-04,006400,631713,366546,79.6,0.483,404000.0,CLOSED,404000.0,2026-03-10,0.0,6
2026-03-04,003670,448905,147951,78.7,0.524,235000.0,CLOSED,235000.0,2026-03-10,0.0,6
2026-03-04,018260,224655,11551,67.4,0.721,171700.0,CLOSED,171700.0,2026-03-10,0.0,6
2026-03-04,010620,189955,-112800,68.3,0.0,223000.0,CLOSED,223000.0,2026-03-10,0.0,6
2026-03-04,042700,1445232,954996,85.254,0.797,201000.0,CLOSED,201000.0,2026-03-10,0.0,6
2026-03-04,028050,223251,58608,82.7,0.722,34900.0,CLOSED,34900.0,2026-03-10,0.0,6
2026-03-04,032350,899589,-1259296,81.5,0.798,24800.0,CLOSED,24800.0,2026-03-10,0.0,6
2026-03-04,005070,84099,-111,74.3,0.462,54800.0,CLOSED,54800.0,2026-03-10,0.0,6
2026-03-04,006220,71307,154726,77.9,0.421,15780.0,CLOSED,15780.0,2026-03-10,0.0,6
2026-03-04,093370,156091,-34084,79.9,0.605,8390.0,CLOSED,8390.0,2026-03-10,0.0,6
2026-03-04,001060,100062,-80192,66.5,0.719,36100.0,CLOSED,36100.0,2026-03-10,0.0,6
2026-03-04,026890,4745389,8569,84.3,0.775,11970.0,CLOSED,11970.0,2026-03-10,0.0,6
2026-03-04,003160,249654,-189255,73.2,0.72,36550.0,CLOSED,36550.0,2026-03-10,0.0,6
2026-03-04,011500,170204,17599,76.1,0.378,25250.0,CLOSED,25250.0,2026-03-10,0.0,6
2026-03-04,105840,90040,-226965,73.1,0.491,26400.0,CLOSED,26400.0,2026-03-10,0.0,6
2026-03-04,011700,676980,9724,77.1,0.7,4995.0,CLOSED,4995.0,2026-03-10,0.0,6
2026-03-04,009320,84305,22675,73.2,0.701,1120.0,CLOSED,1120.0,2026-03-10,0.0,6
2026-03-04,086520,369115,83744,85.254,0.402,172200.0,CLOSED,172200.0,2026-03-10,0.0,6
2026-03-04,000250,57834,-18872,73.5,0.746,636000.0,CLOSED,636000.0,2026-03-10,0.0,6
2026-03-04,403870,3879132,1000134,85.254,0.395,46250.0,CLOSED,46250.0,2026-03-10,0.0,6
2026-03-04,039200,299566,-121398,79.7,0.437,56800.0,CLOSED,56800.0,2026-03-10,0.0,6
2026-03-04,083650,219366,77040,83.3,0.664,83200.0,CLOSED,83200.0,2026-03-10,0.0,6
2026-03-04,195940,63189,-60330,73.7,0.521,57000.0,CLOSED,57000.0,2026-03-10,0.0,6
2026-03-04,089030,737331,1171583,85.2,0.584,47150.0,CLOSED,47150.0,2026-03-10,0.0,6
2026-03-04,137400,114192,55502,77.5,0.427,53100.0,CLOSED,53100.0,2026-03-10,0.0,6
2026-03-04,241710,154199,-59753,64.3,0.569,100700.0,CLOSED,100700.0,2026-03-10,0.0,6
2026-03-04,060250,181860,-117039,76.4,0.382,21950.0,CLOSED,21950.0,2026-03-10,0.0,6
2026-03-04,102710,135432,-71645,68.6,0.677,61100.0,CLOSED,61100.0,2026-03-10,0.0,6
2026-03-04,319660,148070,5829,76.3,0.617,64200.0,CLOSED,64200.0,2026-03-10,0.0,6
2026-03-04,222080,544604,-193763,77.9,0.548,13530.0,CLOSED,13530.0,2026-03-10,0.0,6
2026-03-04,006730,1339697,-1151242,77.0,0.675,17270.0,CLOSED,17270.0,2026-03-10,0.0,6
2026-03-04,036540,1400130,101588,85.254,0.51,7490.0,CLOSED,7490.0,2026-03-10,0.0,6
2026-03-04,036620,573395,-603115,84.8,0.758,6960.0,CLOSED,6960.0,2026-03-10,0.0,6
2026-03-04,095610,53277,36299,72.3,0.354,71400.0,CLOSED,71400.0,2026-03-10,0.0,6
2026-03-04,094480,120048,33186,76.2,0.615,11240.0,CLOSED,11240.0,2026-03-10,0.0,6
2026-03-04,039440,223203,48663,77.9,0.662,36750.0,CLOSED,36750.0,2026-03-10,0.0,6
2026-03-04,058820,446701,-14185,81.6,0.433,2120.0,CLOSED,2120.0,2026-03-10,0.0,6
2026-03-04,033640,290482,19134,68.4,0.477,18440.0,CLOSED,18440.0,2026-03-10,0.0,6
2026-03-04,024850,788287,-635200,71.9,0.726,3130.0,CLOSED,3130.0,2026-03-10,0.0,6
2026-03-04,457550,68561,-29611,75.4,0.607,28900.0,CLOSED,28900.0,2026-03-10,0.0,6
2026-03-04,112290,53938,-55812,70.5,0.773,25000.0,CLOSED,25000.0,2026-03-10,0.0,6
2026-03-04,158430,90135,-11197,73.6,0.57,7830.0,CLOSED,7830.0,2026-03-10,0.0,6
2026-03-04,071200,174915,0,66.4,0.307,6800.0,CLOSED,6800.0,2026-03-10,0.0,6
2026-03-04,033160,54861,0,74.0,0.598,10330.0,CLOSED,10330.0,2026-03-10,0.0,6
2026-03-04,047310,448010,3213,79.6,0.641,6110.0,CLOSED,6110.0,2026-03-10,0.0,6
2026-03-04,243840,65191,-19194,74.9,0.494,6210.0,CLOSED,6210.0,2026-03-10,0.0,6
2026-03-04,425040,140274,-79738,73.2,0.575,10130.0,CLOSED,10130.0,2026-03-10,0.0,6
2026-03-04,382840,61438,-3143,72.0,0.399,10300.0,CLOSED,10300.0,2026-03-10,0.0,6
2026-03-04,264450,56006,1483,66.4,0.357,13200.0,CLOSED,13200.0,2026-03-10,0.0,6
2026-03-04,064290,80307,-44787,68.5,0.547,17370.0,CLOSED,17370.0,2026-03-10,0.0,6
2026-03-04,021080,223241,-20472,76.9,0.692,3630.0,CLOSED,3630.0,2026-03-10,0.0,6
2026-03-04,125210,66679,2000,67.9,0.771,7840.0,CLOSED,7840.0,2026-03-10,0.0,6
2026-03-04,039560,71950,21820,76.3,0.727,3940.0,CLOSED,3940.0,2026-03-10,0.0,6
2026-03-04,013310,71390,145,78.1,0.432,3560.0,CLOSED,3560.0,2026-03-10,0.0,6
2026-03-04,417500,208533,-87197,76.2,0.745,3645.0,CLOSED,3645.0,2026-03-10,0.0,6
2026-03-04,170030,68218,12530,67.1,0.5,6430.0,CLOSED,6430.0,2026-03-10,0.0,6
2026-03-04,053700,55873,7509,73.3,0.729,8010.0,CLOSED,8010.0,2026-03-10,0.0,6
2026-03-04,066310,106387,-4,67.5,0.776,8240.0,CLOSED,8240.0,2026-03-10,0.0,6
2026-03-04,376180,142293,0,64.8,0.779,2765.0,CLOSED,2765.0,2026-03-10,0.0,6
2026-03-04,184230,530546,0,66.6,0.632,595.0,CLOSED,595.0,2026-03-10,0.0,6
2026-03-04,092300,126740,-55645,69.4,0.543,3725.0,CLOSED,3725.0,2026-03-10,0.0,6
2026-03-04,353190,81806,0,65.8,0.771,671.0,CLOSED,671.0,2026-03-10,0.0,6
2026-03-04,100840,59468,-117145,66.8,0.779,48600.0,CLOSED,48600.0,2026-03-10,0.0,6
2026-03-04,001740,612558,99860,77.4,0.539,5380.0,CLOSED,5380.0,2026-03-10,0.0,6
2026-03-04,161000,86839,-10398,74.0,0.35,10550.0,CLOSED,10550.0,2026-03-10,0.0,6
2026-03-04,012030,138508,939711,74.1,0.769,1830.0,CLOSED,1830.0,2026-03-10,0.0,6
2026-03-04,004840,52162,983,63.6,0.615,5970.0,CLOSED,5970.0,2026-03-10,0.0,6
2026-03-04,047400,52138,685,77.2,0.52,1553.0,CLOSED,1553.0,2026-03-10,0.0,6
2026-03-04,277810,146508,34909,69.4,0.486,719000.0,CLOSED,719000.0,2026-03-10,0.0,6
2026-03-04,007390,243696,4849,79.1,0.424,24050.0,CLOSED,24050.0,2026-03-10,0.0,6
2026-03-04,214370,105286,2200,68.9,0.61,145000.0,CLOSED,145000.0,2026-03-10,0.0,6
2026-03-04,068760,77737,-2633,68.4,0.575,75800.0,CLOSED,75800.0,2026-03-10,0.0,6
2026-03-04,082270,111783,14067,73.2,0.353,43950.0,CLOSED,43950.0,2026-03-10,0.0,6
2026-03-04,065350,59943,6477,69.8,0.602,75600.0,CLOSED,75600.0,2026-03-10,0.0,6
2026-03-04,237690,90547,-12486,68.5,0.453,154000.0,CLOSED,154000.0,2026-03-10,0.0,6
2026-03-04,005290,126341,655935,85.062,0.317,54500.0,CLOSED,54500.0,2026-03-10,0.0,6
2026-03-04,036830,358510,3800,68.5,0.453,55900.0,CLOSED,55900.0,2026-03-10,0.0,6
2026-03-04,052400,67942,57287,70.4,0.489,61400.0,CLOSED,61400.0,2026-03-10,0.0,6
2026-03-04,056190,208691,-7526,68.6,0.373,32850.0,CLOSED,32850.0,2026-03-10,0.0,6
2026-03-04,121600,58007,6239,66.9,0.523,73800.0,CLOSED,73800.0,2026-03-10,0.0,6
2026-03-04,009520,63862,25703,75.8,0.615,20300.0,CLOSED,20300.0,2026-03-10,0.0,6
2026-03-04,131970,62392,195169,73.1,0.377,65600.0,CLOSED,65600.0,2026-03-10,0.0,6
2026-03-04,058970,57733,886,65.9,0.575,41300.0,CLOSED,41300.0,2026-03-10,0.0,6
2026-03-04,080220,951060,51347,79.1,0.742,46800.0,CLOSED,46800.0,2026-03-10,0.0,6
2026-03-04,252990,243202,104111,84.7,0.445,11950.0,CLOSED,11950.0,2026-03-10,0.0,6
2026-03-04,099440,450431,161744,78.5,0.746,6680.0,CLOSED,6680.0,2026-03-10,0.0,6
2026-03-04,216080,109896,23801,73.2,0.444,10310.0,CLOSED,10310.0,2026-03-10,0.0,6
2026-03-04,353810,141550,63257,73.0,0.75,7520.0,CLOSED,7520.0,2026-03-10,0.0,6
2026-03-04,105550,168131,0,76.9,0.676,1495.0,CLOSED,1495.0,2026-03-10,0.0,6
2026-03-04,340450,62952,-25700,69.6,0.539,9240.0,CLOSED,9240.0,2026-03-10,0.0,6
2026-03-04,024060,275131,14680,75.1,0.706,15250.0,CLOSED,15250.0,2026-03-10,0.0,6
2026-03-04,322310,87229,-134,67.3,0.795,26400.0,CLOSED,26400.0,2026-03-10,0.0,6
2026-03-04,217820,160593,16420,78.1,0.739,4115.0,CLOSED,4115.0,2026-03-10,0.0,6
2026-03-04,104480,144490,-287901,75.8,0.619,1900.0,CLOSED,1900.0,2026-03-10,0.0,6
2026-03-04,060570,80374,-69096,61.5,0.791,1419.0,CLOSED,1419.0,2026-03-10,0.0,6
2026-03-04,086960,358198,39,68.0,0.47,1443.0,CLOSED,1443.0,2026-03-10,0.0,6
2026-03-04,456070,110257,4284,72.6,0.547,16750.0,CLOSED,16750.0,2026-03-10,0.0,6
2026-03-04,080580,190087,-168382,75.7,0.776,16620.0,CLOSED,16620.0,2026-03-10,0.0,6
2026-03-04,147830,202434,12837,76.0,0.404,7910.0,CLOSED,7910.0,2026-03-10,0.0,6
2026-03-04,445180,153790,19784,66.6,0.634,9820.0,CLOSED,9820.0,2026-03-10,0.0,6
2026-03-04,010170,213159,-848920,62.2,0.702,3585.0,CLOSED,3585.0,2026-03-10,0.0,6
2026-03-04,166480,327179,0,72.7,0.632,3760.0,CLOSED,3760.0,2026-03-10,0.0,6
2026-03-04,067290,524384,93840,77.0,0.687,2255.0,CLOSED,2255.0,2026-03-10,0.0,6
2026-03-04,054780,64363,567,63.8,0.75,2860.0,CLOSED,2860.0,2026-03-10,0.0,6
2026-03-04,217730,115648,24191,77.7,0.767,2200.0,CLOSED,2200.0,2026-03-10,0.0,6
2026-03-04,039420,147285,944,66.1,0.571,2765.0,CLOSED,2765.0,2026-03-10,0.0,6
2026-03-04,053270,81927,9250,71.2,0.6,2470.0,CLOSED,2470.0,2026-03-10,0.0,6
2026-03-04,101000,147380,0,75.2,0.689,1360.0,CLOSED,1360.0,2026-03-10,0.0,6
2026-03-04,066910,442244,26638,77.8,0.494,667.0,CLOSED,667.0,2026-03-10,0.0,6
2026-03-04,014190,241514,21737,77.6,0.591,1983.0,CLOSED,1983.0,2026-03-10,0.0,6
2026-03-04,100590,72636,4629,66.7,0.555,3640.0,CLOSED,3640.0,2026-03-10,0.0,6
2026-03-04,257370,110804,-180,64.0,0.733,3755.0,CLOSED,3755.0,2026-03-10,0.0,6
2026-03-04,189860,103871,0,68.3,0.654,4430.0,CLOSED,4430.0,2026-03-10,0.0,6
2026-03-10,010140,3737205,475527,73.9,0.638,28825.0,CLOSED,28825.0,2026-03-19,0.0,9
2026-03-10,086280,114479,-156652,73.1,0.589,261500.0,CLOSED,261500.0,2026-03-19,0.0,9
2026-03-10,336260,105918,317791,80.3,0.735,36600.0,CLOSED,36600.0,2026-03-19,0.0,9
2026-03-10,019170,193854,567,65.1,0.646,12720.0,CLOSED,12720.0,2026-03-19,0.0,9
2026-03-10,281820,71150,-46804,62.8,0.553,47750.0,CLOSED,47750.0,2026-03-19,0.0,9
2026-03-10,094800,79503,289779,71.4,0.8,6260.0,CLOSED,6260.0,2026-03-19,0.0,9
2026-03-10,008970,1263216,-3547,76.8,0.284,1867.0,CLOSED,1867.0,2026-03-19,0.0,9
2026-03-10,377190,178609,-142130,63.6,0.5,3245.0,CLOSED,3245.0,2026-03-19,0.0,9
2026-03-10,008060,102394,53095,66.1,0.465,11280.0,CLOSED,11280.0,2026-03-19,0.0,9
2026-03-10,005010,199805,13107,76.7,0.641,4500.0,CLOSED,4500.0,2026-03-19,0.0,9
2026-03-10,095570,338534,-118870,75.0,0.464,5380.0,CLOSED,5380.0,2026-03-19,0.0,9
2026-03-10,005950,59957,3713,74.6,0.664,9410.0,CLOSED,9410.0,2026-03-19,0.0,9
2026-03-10,071090,184608,-174,68.3,0.437,3880.0,CLOSED,3880.0,2026-03-19,0.0,9
2026-03-10,017900,98627,813,66.9,0.764,1988.0,CLOSED,1988.0,2026-03-19,0.0,9
2026-03-10,372910,226126,28,68.7,0.4,2855.0,CLOSED,2855.0,2026-03-19,0.0,9
2026-03-10,018500,52581,-19737,72.5,0.506,1648.0,CLOSED,1648.0,2026-03-19,0.0,9
2026-03-10,021050,204591,2390,74.3,0.783,1255.0,CLOSED,1255.0,2026-03-19,0.0,9
2026-03-10,123700,52368,-10850,63.6,0.756,3795.0,CLOSED,3795.0,2026-03-19,0.0,9
2026-03-10,017040,349465,612,76.5,0.567,1464.0,CLOSED,1464.0,2026-03-19,0.0,9
2026-03-10,006345,64392,0,65.2,0.65,3560.0,CLOSED,3560.0,2026-03-19,0.0,9
2026-03-10,214150,396505,-229180,73.2,0.723,70700.0,CLOSED,70700.0,2026-03-19,0.0,9
2026-03-10,018290,77746,23515,70.9,0.608,19640.0,CLOSED,19640.0,2026-03-19,0.0,9
2026-03-10,067310,412244,426170,78.0,0.438,34850.0,CLOSED,34850.0,2026-03-19,0.0,9
2026-03-10,041190,71362,4339,73.4,0.692,8320.0,CLOSED,8320.0,2026-03-19,0.0,9
2026-03-10,032190,91955,62480,70.8,0.686,27600.0,CLOSED,27600.0,2026-03-19,0.0,9
2026-03-10,399720,51645,18595,64.4,0.51,69900.0,CLOSED,69900.0,2026-03-19,0.0,9
2026-03-10,046890,588396,93320,75.6,0.301,7500.0,CLOSED,7500.0,2026-03-19,0.0,9
2026-03-10,294570,75339,-4,63.1,0.341,33950.0,CLOSED,33950.0,2026-03-19,0.0,9
2026-03-10,053300,107289,8,73.2,0.646,7005.0,CLOSED,7005.0,2026-03-19,0.0,9
2026-03-10,031330,878811,32780,76.0,0.68,4995.0,CLOSED,4995.0,2026-03-19,0.0,9
2026-03-10,053610,82284,-99010,65.3,0.761,59700.0,CLOSED,59700.0,2026-03-19,0.0,9
2026-03-10,035600,52735,15610,66.1,0.419,11450.0,CLOSED,11450.0,2026-03-19,0.0,9
2026-03-10,378340,66938,4,65.3,0.467,15970.0,CLOSED,15970.0,2026-03-19,0.0,9
2026-03-10,334970,137090,8180,66.6,0.711,2805.0,CLOSED,2805.0,2026-03-19,0.0,9
2026-03-10,489460,68963,-71482,62.5,0.573,12790.0,CLOSED,12790.0,2026-03-19,0.0,9
2026-03-10,254490,55065,6,75.4,0.746,18120.0,CLOSED,18120.0,2026-03-19,0.0,9
2026-03-10,393890,278254,259286,80.9,0.678,9540.0,CLOSED,9540.0,2026-03-19,0.0,9
2026-03-10,179290,90853,411,64.8,0.46,7380.0,CLOSED,7380.0,2026-03-19,0.0,9
2026-03-10,110990,86493,21991,66.7,0.525,21650.0,CLOSED,21650.0,2026-03-19,0.0,9
2026-03-10,036200,67624,-12641,70.0,0.59,10720.0,CLOSED,10720.0,2026-03-19,0.0,9
2026-03-10,356680,101869,300,67.9,0.66,7460.0,CLOSED,7460.0,2026-03-19,0.0,9
2026-03-10,102120,139450,-2,72.8,0.611,12470.0,CLOSED,12470.0,2026-03-19,0.0,9
2026-03-10,046440,150762,3070,70.2,0.286,5520.0,CLOSED,5520.0,2026-03-19,0.0,9
2026-03-10,037460,168908,56736,68.5,0.385,22950.0,CLOSED,22950.0,2026-03-19,0.0,9
2026-03-10,123040,169732,436,75.5,0.682,2310.0,CLOSED,2310.0,2026-03-19,0.0,9
2026-03-10,059210,91301,4739,74.9,0.799,5030.0,CLOSED,5030.0,2026-03-19,0.0,9
2026-03-10,439580,362127,583,72.2,0.745,4500.0,CLOSED,4500.0,2026-03-19,0.0,9
2026-03-10,131370,200972,-66869,64.1,0.676,2315.0,CLOSED,2315.0,2026-03-19,0.0,9
2026-03-10,205100,102182,-38075,76.5,0.746,2100.0,CLOSED,2100.0,2026-03-19,0.0,9
2026-03-10,435570,67587,-500,62.8,0.591,13780.0,CLOSED,13780.0,2026-03-19,0.0,9
2026-03-10,049960,53529,-1859,62.9,0.675,13990.0,CLOSED,13990.0,2026-03-19,0.0,9
2026-03-10,042510,60817,-259,63.9,0.763,9580.0,CLOSED,9580.0,2026-03-19,0.0,9
2026-03-10,049520,125859,-69531,66.6,0.725,3945.0,CLOSED,3945.0,2026-03-19,0.0,9
2026-03-10,039610,83393,3,63.8,0.358,8870.0,CLOSED,8870.0,2026-03-19,0.0,9
2026-03-10,408920,100864,-60682,63.7,0.393,3610.0,CLOSED,3610.0,2026-03-19,0.0,9
2026-03-10,066700,79180,4757,63.9,0.783,2840.0,CLOSED,2840.0,2026-03-19,0.0,9
2026-03-10,042520,73828,153417,70.5,0.533,48900.0,CLOSED,48900.0,2026-03-19,0.0,9
2026-03-10,085670,142979,-123400,71.1,0.757,6370.0,CLOSED,6370.0,2026-03-19,0.0,9
2026-03-10,259630,68732,-4329,66.8,0.597,13260.0,CLOSED,13260.0,2026-03-19,0.0,9
2026-03-10,396300,543700,-5695,76.7,0.451,4600.0,CLOSED,4600.0,2026-03-19,0.0,9
2026-03-10,126880,105497,8317,64.7,0.681,3880.0,CLOSED,3880.0,2026-03-19,0.0,9
2026-03-10,024880,136150,-4074,70.4,0.703,6195.0,CLOSED,6195.0,2026-03-19,0.0,9
2026-03-10,263800,50751,0,68.0,0.669,5110.0,CLOSED,5110.0,2026-03-19,0.0,9
2026-03-10,053050,604108,32400,77.0,0.301,2415.0,CLOSED,2415.0,2026-03-19,0.0,9
2026-03-10,036090,411765,0,66.8,0.555,703.0,CLOSED,703.0,2026-03-19,0.0,9
2026-03-10,417840,259338,-23300,72.1,0.478,6940.0,CLOSED,6940.0,2026-03-19,0.0,9
2026-03-10,049480,116195,-1000,67.5,0.8,2335.0,CLOSED,2335.0,2026-03-19,0.0,9
2026-03-10,241790,67251,-4382,63.1,0.543,7690.0,CLOSED,7690.0,2026-03-19,0.0,9
2026-03-10,105330,116802,5056,64.6,0.405,5410.0,CLOSED,5410.0,2026-03-19,0.0,9
2026-03-10,063440,214649,10029,64.8,0.702,1647.0,CLOSED,1647.0,2026-03-19,0.0,9
2026-03-10,087260,108421,-3700,71.9,0.526,2097.0,CLOSED,2097.0,2026-03-19,0.0,9
2026-03-10,217190,172001,-1441,68.2,0.615,5960.0,CLOSED,5960.0,2026-03-19,0.0,9
2026-03-10,065950,172760,-700,66.4,0.434,1706.0,CLOSED,1706.0,2026-03-19,0.0,9
2026-03-10,361570,184756,19790,66.8,0.59,2025.0,CLOSED,2025.0,2026-03-19,0.0,9
2026-03-10,450520,57932,0,62.7,0.546,3395.0,CLOSED,3395.0,2026-03-19,0.0,9
2026-03-10,109820,81829,-1284,64.2,0.431,2450.0,CLOSED,2450.0,2026-03-19,0.0,9
2026-03-10,363260,116307,3425,70.6,0.43,1582.0,CLOSED,1582.0,2026-03-19,0.0,9
2026-03-10,238120,180744,0,64.4,0.769,4325.0,CLOSED,4325.0,2026-03-19,0.0,9
2026-03-10,099410,67841,-75264,65.3,0.786,5770.0,CLOSED,5770.0,2026-03-19,0.0,9
2026-03-10,129890,119541,87075,71.9,0.495,947.0,CLOSED,947.0,2026-03-19,0.0,9
2026-03-10,048470,55407,0,72.7,0.7,3480.0,CLOSED,3480.0,2026-03-19,0.0,9
2026-03-10,290120,71888,289,63.0,0.481,2885.0,CLOSED,2885.0,2026-03-19,0.0,9
2026-03-10,296640,67956,30765,63.5,0.5,5340.0,CLOSED,5340.0,2026-03-19,0.0,9
2026-03-10,290560,88602,0,64.2,0.0,8400.0,CLOSED,8400.0,2026-03-19,0.0,9
2026-03-10,373220,269915,-343023,73.8,0.447,403000.0,CLOSED,403000.0,2026-03-19,0.0,9
2026-03-10,018260,71800,-230289,67.9,0.721,171700.0,CLOSED,171700.0,2026-03-19,0.0,9
2026-03-10,010620,189955,-112800,68.3,0.0,223000.0,CLOSED,223000.0,2026-03-19,0.0,9
2026-03-10,028050,1420372,-288939,82.4,0.722,34900.0,CLOSED,34900.0,2026-03-19,0.0,9
2026-03-10,032350,837286,-330812,77.2,0.798,24800.0,CLOSED,24800.0,2026-03-19,0.0,9
2026-03-10,100840,168062,-118983,66.7,0.779,48600.0,CLOSED,48600.0,2026-03-19,0.0,9
2026-03-10,001740,815378,-76551,75.1,0.539,5380.0,CLOSED,5380.0,2026-03-19,0.0,9
2026-03-10,161000,179632,-12332,72.8,0.35,10550.0,CLOSED,10550.0,2026-03-19,0.0,9
2026-03-10,006220,419469,-6989,78.0,0.421,15780.0,CLOSED,15780.0,2026-03-19,0.0,9
2026-03-10,093370,516301,-288352,79.5,0.605,8390.0,CLOSED,8390.0,2026-03-19,0.0,9
2026-03-10,001060,166970,-70049,66.1,0.719,36100.0,CLOSED,36100.0,2026-03-19,0.0,9
2026-03-10,003160,93291,-207245,73.3,0.72,36550.0,CLOSED,36550.0,2026-03-19,0.0,9
2026-03-10,012030,558102,352176,70.4,0.769,1830.0,CLOSED,1830.0,2026-03-19,0.0,9
2026-03-10,011500,303940,-1712,76.9,0.378,25250.0,CLOSED,25250.0,2026-03-19,0.0,9
2026-03-10,105840,293250,-96757,74.1,0.491,26400.0,CLOSED,26400.0,2026-03-19,0.0,9
2026-03-10,011700,1185137,-18397,77.6,0.7,4995.0,CLOSED,4995.0,2026-03-19,0.0,9
2026-03-10,004840,60473,388,62.2,0.615,5970.0,CLOSED,5970.0,2026-03-19,0.0,9
2026-03-10,047400,595288,591,78.1,0.52,1553.0,CLOSED,1553.0,2026-03-19,0.0,9
2026-03-10,009320,326337,-41040,74.7,0.701,1120.0,CLOSED,1120.0,2026-03-19,0.0,9
2026-03-10,214370,52693,12773,67.1,0.61,145000.0,CLOSED,145000.0,2026-03-19,0.0,9
2026-03-10,068760,85456,35623,67.2,0.575,75800.0,CLOSED,75800.0,2026-03-19,0.0,9
2026-03-10,007390,221438,93329,75.0,0.424,24050.0,CLOSED,24050.0,2026-03-19,0.0,9
2026-03-10,039200,188686,91028,74.8,0.437,56800.0,CLOSED,56800.0,2026-03-19,0.0,9
2026-03-10,195940,67510,-4461,69.7,0.521,57000.0,CLOSED,57000.0,2026-03-19,0.0,9
2026-03-10,089030,219004,2715707,84.31599999999999,0.584,47150.0,CLOSED,47150.0,2026-03-19,0.0,9
2026-03-10,056190,72704,49287,68.6,0.373,32850.0,CLOSED,32850.0,2026-03-19,0.0,9
2026-03-10,052400,97373,76200,69.8,0.489,61400.0,CLOSED,61400.0,2026-03-19,0.0,9
2026-03-10,137400,147454,-5305,74.0,0.427,53100.0,CLOSED,53100.0,2026-03-19,0.0,9
2026-03-10,417200,866809,6724,78.5,0.74,16530.0,CLOSED,16530.0,2026-03-19,0.0,9
2026-03-10,131970,185119,135436,72.1,0.377,65600.0,CLOSED,65600.0,2026-03-19,0.0,9
2026-03-10,121600,56287,20500,66.1,0.523,73800.0,CLOSED,73800.0,2026-03-19,0.0,9
2026-03-10,060250,914106,68591,77.6,0.382,21950.0,CLOSED,21950.0,2026-03-19,0.0,9
2026-03-10,102710,118772,24398,68.1,0.677,61100.0,CLOSED,61100.0,2026-03-19,0.0,9
2026-03-10,009520,82187,39257,73.0,0.615,20300.0,CLOSED,20300.0,2026-03-19,0.0,9
2026-03-10,222080,1319502,-38894,79.0,0.548,13530.0,CLOSED,13530.0,2026-03-19,0.0,9
2026-03-10,006730,892760,-420594,73.7,0.675,17270.0,CLOSED,17270.0,2026-03-19,0.0,9
2026-03-10,036540,2030839,152084,84.31599999999999,0.51,7490.0,CLOSED,7490.0,2026-03-19,0.0,9
2026-03-10,094480,512058,-775,78.0,0.615,11240.0,CLOSED,11240.0,2026-03-19,0.0,9
2026-03-10,252990,429827,337784,82.0,0.445,11950.0,CLOSED,11950.0,2026-03-19,0.0,9
2026-03-10,058820,232067,15320,80.6,0.433,2120.0,CLOSED,2120.0,2026-03-19,0.0,9
2026-03-10,027360,1769247,-2891,80.3,0.586,5090.0,CLOSED,5090.0,2026-03-19,0.0,9
2026-03-10,099440,612449,140881,77.3,0.746,6680.0,CLOSED,6680.0,2026-03-19,0.0,9
2026-03-10,024850,339512,141677,75.7,0.726,3130.0,CLOSED,3130.0,2026-03-19,0.0,9
2026-03-10,457550,96131,-5863,75.5,0.607,28900.0,CLOSED,28900.0,2026-03-19,0.0,9
2026-03-10,216080,242954,2605,73.5,0.444,10310.0,CLOSED,10310.0,2026-03-19,0.0,9
2026-03-10,051370,110697,28261,69.5,0.458,12930.0,CLOSED,12930.0,2026-03-19,0.0,9
2026-03-10,112290,127587,-40125,70.5,0.773,25000.0,CLOSED,25000.0,2026-03-19,0.0,9
2026-03-10,158430,559824,-12030,74.9,0.57,7830.0,CLOSED,7830.0,2026-03-19,0.0,9
2026-03-10,105550,603184,0,76.7,0.676,1495.0,CLOSED,1495.0,2026-03-19,0.0,9
2026-03-10,340450,194595,-7959,73.1,0.539,9240.0,CLOSED,9240.0,2026-03-19,0.0,9
2026-03-10,071200,85469,2441,65.4,0.307,6800.0,CLOSED,6800.0,2026-03-19,0.0,9
2026-03-10,047310,497373,-2305,80.9,0.641,6110.0,CLOSED,6110.0,2026-03-19,0.0,9
2026-03-10,217820,287584,5629,75.1,0.739,4115.0,CLOSED,4115.0,2026-03-19,0.0,9
2026-03-10,104480,69395,-268991,76.1,0.619,1900.0,CLOSED,1900.0,2026-03-19,0.0,9
2026-03-10,060570,125802,-4313,62.7,0.791,1419.0,CLOSED,1419.0,2026-03-19,0.0,9
2026-03-10,425040,142035,-49905,70.2,0.575,10130.0,CLOSED,10130.0,2026-03-19,0.0,9
2026-03-10,382840,178985,-9974,71.1,0.399,10300.0,CLOSED,10300.0,2026-03-19,0.0,9
2026-03-10,264450,82676,0,65.2,0.357,13200.0,CLOSED,13200.0,2026-03-19,0.0,9
2026-03-10,456070,187124,-6043,72.2,0.547,16750.0,CLOSED,16750.0,2026-03-19,0.0,9
2026-03-10,086960,1046611,-2944,73.5,0.47,1443.0,CLOSED,1443.0,2026-03-19,0.0,9
2026-03-10,080580,571051,249972,78.6,0.776,16620.0,CLOSED,16620.0,2026-03-19,0.0,9
2026-03-10,147830,508425,-2018,76.7,0.404,7910.0,CLOSED,7910.0,2026-03-19,0.0,9
2026-03-10,064290,109390,-60359,68.4,0.547,17370.0,CLOSED,17370.0,2026-03-19,0.0,9
2026-03-10,021080,324812,-58206,77.3,0.692,3630.0,CLOSED,3630.0,2026-03-19,0.0,9
2026-03-10,125210,101392,4800,66.8,0.771,7840.0,CLOSED,7840.0,2026-03-19,0.0,9
2026-03-10,039560,121700,1388,76.4,0.727,3940.0,CLOSED,3940.0,2026-03-19,0.0,9
2026-03-10,445180,188426,3540,66.7,0.634,9820.0,CLOSED,9820.0,2026-03-19,0.0,9
2026-03-10,010170,397499,-184886,72.3,0.702,3585.0,CLOSED,3585.0,2026-03-19,0.0,9
2026-03-10,053700,390001,7508,76.5,0.729,8010.0,CLOSED,8010.0,2026-03-19,0.0,9
2026-03-10,166480,572882,0,73.2,0.632,3760.0,CLOSED,3760.0,2026-03-19,0.0,9
2026-03-10,339950,146341,-426,75.6,0.489,2125.0,CLOSED,2125.0,2026-03-19,0.0,9
2026-03-10,067290,791835,-335,76.8,0.687,2255.0,CLOSED,2255.0,2026-03-19,0.0,9
2026-03-10,054780,142020,-2717,64.9,0.75,2860.0,CLOSED,2860.0,2026-03-19,0.0,9
2026-03-10,217730,560459,-92169,78.9,0.767,2200.0,CLOSED,2200.0,2026-03-19,0.0,9
2026-03-10,066310,77995,0,67.7,0.776,8240.0,CLOSED,8240.0,2026-03-19,0.0,9
2026-03-10,039420,139241,0,66.7,0.571,2765.0,CLOSED,2765.0,2026-03-19,0.0,9
2026-03-10,053270,183436,953,70.7,0.6,2470.0,CLOSED,2470.0,2026-03-19,0.0,9
2026-03-10,376180,124441,-1685,75.2,0.779,2765.0,CLOSED,2765.0,2026-03-19,0.0,9
2026-03-10,101000,714960,0,78.3,0.689,1360.0,CLOSED,1360.0,2026-03-19,0.0,9
2026-03-10,066910,353787,-274,78.4,0.494,667.0,CLOSED,667.0,2026-03-19,0.0,9
2026-03-10,184230,634982,0,67.9,0.632,595.0,CLOSED,595.0,2026-03-19,0.0,9
2026-03-10,014190,474802,0,67.3,0.591,1983.0,CLOSED,1983.0,2026-03-19,0.0,9
2026-03-10,100590,116257,-642,65.4,0.555,3640.0,CLOSED,3640.0,2026-03-19,0.0,9
2026-03-10,257370,106323,-180,64.5,0.733,3755.0,CLOSED,3755.0,2026-03-19,0.0,9
2026-03-10,189860,129895,-1601,68.6,0.654,4430.0,CLOSED,4430.0,2026-03-19,0.0,9
2026-03-11,192820,79012,-62490,62.7,0.756,200000.0,CLOSED,200000.0,2026-03-19,0.0,8
2026-03-11,462870,81812,43743,62.5,0.561,34000.0,CLOSED,34000.0,2026-03-19,0.0,8
2026-03-11,010955,90138,16157,64.1,0.582,58800.0,CLOSED,58800.0,2026-03-19,0.0,8
2026-03-11,008350,707735,-3715,72.4,0.723,1290.0,CLOSED,1290.0,2026-03-19,0.0,8
2026-03-11,035900,86026,7163,68.9,0.606,71700.0,CLOSED,71700.0,2026-03-19,0.0,8
2026-03-11,032500,167378,30768,69.0,0.67,20700.0,CLOSED,20700.0,2026-03-19,0.0,8
2026-03-11,080220,265348,-664,75.8,0.742,46800.0,CLOSED,46800.0,2026-03-19,0.0,8
2026-03-11,089010,84687,-34489,67.1,0.716,33700.0,CLOSED,33700.0,2026-03-19,0.0,8
2026-03-11,039440,64527,-76195,73.9,0.662,36750.0,CLOSED,36750.0,2026-03-19,0.0,8
2026-03-11,053580,53619,-214,62.8,0.718,9970.0,CLOSED,9970.0,2026-03-19,0.0,8
2026-03-11,033160,225091,27205,72.5,0.598,10330.0,CLOSED,10330.0,2026-03-19,0.0,8
2026-03-11,241690,85471,-473,70.5,0.251,3905.0,CLOSED,3905.0,2026-03-19,0.0,8
2026-03-11,037030,95136,-114913,70.4,0.509,3000.0,CLOSED,3000.0,2026-03-19,0.0,8
2026-03-13,064400,207192,25623,74.5,0.724,71700.0,CLOSED,71700.0,2026-03-19,0.0,6
2026-03-13,097230,1069446,229643,81.5,0.549,25550.0,CLOSED,25550.0,2026-03-19,0.0,6
2026-03-13,092790,93986,54777,73.6,0.43,11740.0,CLOSED,11740.0,2026-03-19,0.0,6
2026-03-13,417310,272613,-187170,68.2,0.725,8920.0,CLOSED,8920.0,2026-03-19,0.0,6
2026-03-13,024900,114689,5,65.4,0.559,2177.0,CLOSED,2177.0,2026-03-19,0.0,6
2026-03-13,090080,56534,-1118,68.0,0.549,959.0,CLOSED,959.0,2026-03-19,0.0,6
2026-03-13,109070,197016,-42,68.2,0.507,788.0,CLOSED,788.0,2026-03-19,0.0,6
2026-03-13,078340,50474,-61899,62.6,0.446,36200.0,CLOSED,36200.0,2026-03-19,0.0,6
2026-03-13,064550,54802,-8339,64.7,0.543,13360.0,CLOSED,13360.0,2026-03-19,0.0,6
2026-03-13,461300,54887,42310,61.7,0.609,15670.0,CLOSED,15670.0,2026-03-19,0.0,6
2026-03-13,322310,56369,60407,70.4,0.795,26400.0,CLOSED,26400.0,2026-03-19,0.0,6
2026-03-13,042500,102987,-7609,64.4,0.8,3940.0,CLOSED,3940.0,2026-03-19,0.0,6
2026-03-13,300120,221297,-1410357,65.4,0.769,2245.0,CLOSED,2245.0,2026-03-19,0.0,6
2026-03-13,198080,70800,94015,67.0,0.672,2430.0,CLOSED,2430.0,2026-03-19,0.0,6
2026-03-13,297570,76959,230000,70.1,0.722,1317.0,CLOSED,1317.0,2026-03-19,0.0,6
2026-03-19,377740,56901,-20889,63.9,0.663,5830.0,CLOSED,5830.0,2026-03-25,0.0,6
2026-03-19,018470,236261,-11583,73.1,0.491,1291.0,CLOSED,1291.0,2026-03-25,0.0,6
2026-03-19,004140,217141,-290,70.6,0.765,2670.0,CLOSED,2670.0,2026-03-25,0.0,6
2026-03-19,012690,105081,-109,74.6,0.456,2200.0,CLOSED,2200.0,2026-03-25,0.0,6
2026-03-19,004720,73488,-74549,61.9,0.587,4110.0,CLOSED,4110.0,2026-03-25,0.0,6
2026-03-19,072130,74758,5304,66.6,0.609,4700.0,CLOSED,4700.0,2026-03-25,0.0,6
2026-03-19,011420,52377,-151,62.1,0.514,1960.0,CLOSED,1960.0,2026-03-25,0.0,6
2026-03-19,006570,80567,121028,65.7,0.568,2085.0,CLOSED,2085.0,2026-03-25,0.0,6
2026-03-19,000250,57787,-38354,69.7,0.746,636000.0,CLOSED,636000.0,2026-03-25,0.0,6
2026-03-19,403870,1379599,313630,83.327,0.395,46250.0,CLOSED,46250.0,2026-03-25,0.0,6
2026-03-19,101490,55705,-19006,71.6,0.393,93100.0,CLOSED,93100.0,2026-03-25,0.0,6
2026-03-19,095610,116515,-240176,70.7,0.354,71400.0,CLOSED,71400.0,2026-03-25,0.0,6
2026-03-19,025900,88102,-25658,66.6,0.449,10190.0,CLOSED,10190.0,2026-03-25,0.0,6
2026-03-19,094170,60787,-32236,65.0,0.694,31400.0,CLOSED,31400.0,2026-03-25,0.0,6
2026-03-19,092730,50580,-5842,62.0,0.582,20450.0,CLOSED,20450.0,2026-03-25,0.0,6
2026-03-19,234690,140039,-1,67.2,0.691,9500.0,CLOSED,9500.0,2026-03-25,0.0,6
2026-03-19,261200,92861,-6100,68.6,0.637,4150.0,CLOSED,4150.0,2026-03-25,0.0,6
2026-03-19,262260,54267,-5358,61.9,0.701,5600.0,CLOSED,5600.0,2026-03-25,0.0,6
2026-03-19,198440,85966,-79600,61.7,0.427,1097.0,CLOSED,1097.0,2026-03-25,0.0,6
2026-03-19,096350,864731,-4952,76.3,0.757,2240.0,CLOSED,2240.0,2026-03-25,0.0,6
2026-03-19,173940,105423,-105000,60.6,0.7,3695.0,CLOSED,3695.0,2026-03-25,0.0,6
2026-03-19,092300,55929,0,65.1,0.543,3725.0,CLOSED,3725.0,2026-03-25,0.0,6
2026-03-19,071850,333511,-334100,60.5,0.752,1525.0,CLOSED,1525.0,2026-03-25,0.0,6
2026-03-19,036480,58230,0,60.4,0.346,7360.0,CLOSED,7360.0,2026-03-25,0.0,6
2026-03-20,006400,104988,-163533,79.2,0.483,404000.0,CLOSED,404000.0,2026-03-25,0.0,5
2026-03-20,018260,89184,-112116,67.8,0.721,171700.0,CLOSED,171700.0,2026-03-25,0.0,5
2026-03-20,010620,189955,-112800,68.3,0.0,223000.0,CLOSED,223000.0,2026-03-25,0.0,5
2026-03-20,001740,616643,-43280,77.0,0.539,5380.0,CLOSED,5380.0,2026-03-25,0.0,5
2026-03-20,097230,1412840,374432,83.5,0.549,25550.0,CLOSED,25550.0,2026-03-25,0.0,5
2026-03-20,019170,62756,-137,65.1,0.646,12720.0,CLOSED,12720.0,2026-03-25,0.0,5
2026-03-20,281820,88720,-15480,64.2,0.553,47750.0,CLOSED,47750.0,2026-03-25,0.0,5
2026-03-20,003160,194188,332256,76.4,0.72,36550.0,CLOSED,36550.0,2026-03-25,0.0,5
2026-03-20,008970,183854,-334,78.2,0.284,1867.0,CLOSED,1867.0,2026-03-25,0.0,5
2026-03-20,008060,69390,-12569,65.0,0.465,11280.0,CLOSED,11280.0,2026-03-25,0.0,5
2026-03-20,095570,108504,-59387,70.6,0.464,5380.0,CLOSED,5380.0,2026-03-25,0.0,5
2026-03-20,008350,1071433,2435,74.6,0.723,1290.0,CLOSED,1290.0,2026-03-25,0.0,5
2026-03-20,011700,73285,-163,77.0,0.7,4995.0,CLOSED,4995.0,2026-03-25,0.0,5
2026-03-20,017900,196028,-10158,69.8,0.764,1988.0,CLOSED,1988.0,2026-03-25,0.0,5
2026-03-20,372910,74349,-32,69.9,0.4,2855.0,CLOSED,2855.0,2026-03-25,0.0,5
2026-03-20,047400,409504,-12009,74.9,0.52,1553.0,CLOSED,1553.0,2026-03-25,0.0,5
2026-03-20,086520,64897,-534583,74.9,0.402,172200.0,CLOSED,172200.0,2026-03-25,0.0,5
2026-03-20,277810,78824,-102664,68.7,0.486,719000.0,CLOSED,719000.0,2026-03-25,0.0,5
2026-03-20,214370,96148,-89284,66.2,0.61,145000.0,CLOSED,145000.0,2026-03-25,0.0,5
2026-03-20,035900,163870,-62464,68.2,0.606,71700.0,CLOSED,71700.0,2026-03-25,0.0,5
2026-03-20,039200,281329,298430,78.4,0.437,56800.0,CLOSED,56800.0,2026-03-25,0.0,5
2026-03-20,195940,75657,-78200,66.0,0.521,57000.0,CLOSED,57000.0,2026-03-25,0.0,5
2026-03-20,067310,258987,15453,77.6,0.438,34850.0,CLOSED,34850.0,2026-03-25,0.0,5
2026-03-20,121600,59820,-137359,62.7,0.523,73800.0,CLOSED,73800.0,2026-03-25,0.0,5
2026-03-20,009520,56108,-49173,70.3,0.615,20300.0,CLOSED,20300.0,2026-03-25,0.0,5
2026-03-20,036540,624087,-249228,83.5,0.51,7490.0,CLOSED,7490.0,2026-03-25,0.0,5
2026-03-20,461300,64146,26074,64.7,0.609,15670.0,CLOSED,15670.0,2026-03-25,0.0,5
2026-03-20,033640,82385,98540,69.2,0.477,18440.0,CLOSED,18440.0,2026-03-25,0.0,5
2026-03-20,393890,217756,542637,83.1,0.678,9540.0,CLOSED,9540.0,2026-03-25,0.0,5
2026-03-20,024850,347531,840834,83.5,0.726,3130.0,CLOSED,3130.0,2026-03-25,0.0,5
2026-03-20,158430,69538,-15245,76.9,0.57,7830.0,CLOSED,7830.0,2026-03-25,0.0,5
2026-03-20,048530,51055,-139,73.4,0.45,3750.0,CLOSED,3750.0,2026-03-25,0.0,5
2026-03-20,146320,71557,-7565,63.1,0.727,16450.0,CLOSED,16450.0,2026-03-25,0.0,5
2026-03-20,064290,55716,33280,69.0,0.547,17370.0,CLOSED,17370.0,2026-03-25,0.0,5
2026-03-20,042520,267662,182321,73.9,0.533,48900.0,CLOSED,48900.0,2026-03-25,0.0,5
2026-03-20,053700,191301,-3605,77.0,0.729,8010.0,CLOSED,8010.0,2026-03-25,0.0,5
2026-03-20,166480,64613,-12900,75.8,0.632,3760.0,CLOSED,3760.0,2026-03-25,0.0,5
2026-03-20,300120,117679,-257640,65.7,0.769,2245.0,CLOSED,2245.0,2026-03-25,0.0,5
2026-03-20,049480,52280,0,67.9,0.8,2335.0,CLOSED,2335.0,2026-03-25,0.0,5
2026-03-20,087260,130665,0,75.2,0.526,2097.0,CLOSED,2097.0,2026-03-25,0.0,5
2026-03-20,290560,127359,0,65.4,0.0,8400.0,CLOSED,8400.0,2026-03-25,0.0,5
2026-03-20,003670,83630,20128,69.2,0.524,235000.0,CLOSED,235000.0,2026-03-25,0.0,5
2026-03-20,011170,69411,-7656,68.7,0.762,80900.0,CLOSED,80900.0,2026-03-25,0.0,5
2026-03-20,192820,78832,82670,63.8,0.756,200000.0,CLOSED,200000.0,2026-03-25,0.0,5
2026-03-20,336260,245035,210940,83.01200000000009,0.735,36600.0,CLOSED,36600.0,2026-03-25,0.0,5
2026-03-20,100840,183498,217188,71.4,0.779,48600.0,CLOSED,48600.0,2026-03-25,0.0,5
2026-03-20,092790,78180,80944,74.1,0.43,11740.0,CLOSED,11740.0,2026-03-25,0.0,5
2026-03-20,001390,369372,457,74.3,0.449,5970.0,CLOSED,5970.0,2026-03-25,0.0,5
2026-03-20,012030,223712,-461064,69.6,0.769,1830.0,CLOSED,1830.0,2026-03-25,0.0,5
2026-03-20,005010,219852,62891,75.1,0.641,4500.0,CLOSED,4500.0,2026-03-25,0.0,5
2026-03-20,363280,50048,769,65.1,0.735,2580.0,CLOSED,2580.0,2026-03-25,0.0,5
2026-03-20,014580,54407,-2336,69.3,0.8,4730.0,CLOSED,4730.0,2026-03-25,0.0,5
2026-03-20,071090,81288,-1602,67.1,0.437,3880.0,CLOSED,3880.0,2026-03-25,0.0,5
2026-03-20,018500,96302,-10,72.4,0.506,1648.0,CLOSED,1648.0,2026-03-25,0.0,5
2026-03-20,021050,62989,-265,75.9,0.783,1255.0,CLOSED,1255.0,2026-03-25,0.0,5
2026-03-20,109070,400636,981,76.5,0.507,788.0,CLOSED,788.0,2026-03-25,0.0,5
2026-03-20,214150,65065,-177503,69.3,0.723,70700.0,CLOSED,70700.0,2026-03-25,0.0,5
2026-03-20,263750,119293,-2237851,65.8,0.44,53700.0,CLOSED,53700.0,2026-03-25,0.0,5
2026-03-20,096530,56078,-71577,65.0,0.672,28500.0,CLOSED,28500.0,2026-03-25,0.0,5
2026-03-20,018290,116010,-78804,69.1,0.608,19640.0,CLOSED,19640.0,2026-03-25,0.0,5
2026-03-20,089030,181746,-700699,83.01200000000009,0.584,47150.0,CLOSED,47150.0,2026-03-25,0.0,5
2026-03-20,137400,67434,-78384,68.8,0.427,53100.0,CLOSED,53100.0,2026-03-25,0.0,5
2026-03-20,060250,129724,29574,76.7,0.382,21950.0,CLOSED,21950.0,2026-03-25,0.0,5
2026-03-20,457550,119562,13216,76.0,0.607,28900.0,CLOSED,28900.0,2026-03-25,0.0,5
2026-03-20,005160,122715,-4867,66.4,0.604,2915.0,CLOSED,2915.0,2026-03-25,0.0,5
2026-03-20,243840,142748,-397,72.5,0.494,6210.0,CLOSED,6210.0,2026-03-25,0.0,5
2026-03-20,104480,380122,196,76.4,0.619,1900.0,CLOSED,1900.0,2026-03-25,0.0,5
2026-03-20,147830,117284,0,77.4,0.404,7910.0,CLOSED,7910.0,2026-03-25,0.0,5
2026-03-20,039560,813794,-598303,74.8,0.727,3940.0,CLOSED,3940.0,2026-03-25,0.0,5
2026-03-20,085670,66274,-48721,72.2,0.757,6370.0,CLOSED,6370.0,2026-03-25,0.0,5
2026-03-20,259630,68207,35135,66.7,0.597,13260.0,CLOSED,13260.0,2026-03-25,0.0,5
2026-03-20,126880,87087,-193,65.2,0.681,3880.0,CLOSED,3880.0,2026-03-25,0.0,5
2026-03-20,339950,237879,1,75.5,0.489,2125.0,CLOSED,2125.0,2026-03-25,0.0,5
2026-03-20,066310,51792,-6,71.7,0.776,8240.0,CLOSED,8240.0,2026-03-25,0.0,5
2026-03-20,039420,60643,29158,68.0,0.571,2765.0,CLOSED,2765.0,2026-03-25,0.0,5
2026-03-20,019540,281185,43395,75.4,0.746,5240.0,CLOSED,5240.0,2026-03-25,0.0,5
2026-03-20,101000,162721,0,76.0,0.689,1360.0,CLOSED,1360.0,2026-03-25,0.0,5
2026-03-20,099410,60028,20000,65.3,0.786,5770.0,CLOSED,5770.0,2026-03-25,0.0,5
2026-03-20,129890,73251,9990,70.4,0.495,947.0,CLOSED,947.0,2026-03-25,0.0,5
2026-03-25,373220,142390,17855,76.0,0.447,403000.0,CLOSED,386250.0,2026-03-30,-4.16,5
2026-03-25,450080,465651,-29236,71.1,0.509,68800.0,CLOSED,71400.0,2026-03-30,3.78,5
2026-03-25,009900,62341,61635,71.1,0.761,9340.0,CLOSED,9820.0,2026-03-30,5.14,5
2026-03-25,417310,69470,10255,67.3,0.725,8920.0,CLOSED,9620.0,2026-03-30,7.85,5
2026-03-25,017040,431286,-2052,73.8,0.567,1464.0,CLOSED,1025.0,2026-03-27,-29.99,2
2026-03-25,310210,50876,-87743,62.1,0.559,233500.0,CLOSED,313500.0,2026-03-30,34.26,5
2026-03-25,036830,53853,-78010,70.5,0.453,55900.0,CLOSED,48800.0,2026-03-27,-12.7,2
2026-03-25,417200,102299,129022,81.6,0.74,16530.0,CLOSED,19240.0,2026-03-30,16.39,5
2026-03-25,222080,279994,-130034,74.2,0.548,13530.0,CLOSED,12190.0,2026-03-27,-9.9,2
2026-03-25,006730,109233,73816,74.8,0.675,17270.0,CLOSED,13700.0,2026-03-27,-20.67,2
2026-03-25,032500,201790,-175327,79.2,0.67,20700.0,CLOSED,28800.0,2026-03-30,39.13,5
2026-03-25,080220,563253,-32346,77.1,0.742,46800.0,CLOSED,40300.0,2026-03-27,-13.89,2
2026-03-25,252990,208464,22146,79.6,0.445,11950.0,CLOSED,9220.0,2026-03-27,-22.85,2
2026-03-25,418550,174966,-3606,70.6,0.688,8940.0,CLOSED,7910.0,2026-03-27,-11.52,2
2026-03-25,099440,258713,28066,77.8,0.746,6680.0,CLOSED,4915.0,2026-03-27,-26.42,2
2026-03-25,105550,97022,-131376,76.9,0.676,1495.0,CLOSED,1309.0,2026-03-27,-12.44,2
2026-03-25,439580,93794,24,71.2,0.745,4500.0,CLOSED,3525.0,2026-03-27,-21.67,2
2026-03-25,021080,154163,-71279,74.9,0.692,3630.0,CLOSED,3015.0,2026-03-27,-16.94,2
2026-03-25,417500,117827,0,74.0,0.745,3645.0,CLOSED,4710.0,2026-03-30,29.22,5
2026-03-25,277880,153801,0,74.3,0.8,5740.0,CLOSED,4940.0,2026-03-27,-13.94,2
2026-03-25,396300,93323,1,76.2,0.451,4600.0,CLOSED,3510.0,2026-03-27,-23.7,2
2026-03-25,036090,881605,0,62.8,0.555,703.0,CLOSED,619.0,2026-03-27,-11.95,2
2026-03-25,042500,69790,30931,64.2,0.8,3940.0,CLOSED,3980.0,2026-03-30,1.02,5
2026-03-25,094840,70936,0,62.1,0.282,7150.0,CLOSED,8260.0,2026-03-30,15.52,5
2026-03-25,376180,195418,33818,75.6,0.779,2765.0,CLOSED,2840.0,2026-03-30,2.71,5
2026-03-25,065950,59572,0,66.1,0.434,1706.0,CLOSED,1645.0,2026-03-30,-3.58,5
2026-03-25,066910,128151,0,74.8,0.494,667.0,CLOSED,607.0,2026-03-27,-9.0,2
2026-03-25,198080,70961,-25200,65.2,0.672,2430.0,CLOSED,2720.0,2026-03-30,11.93,5
2026-03-25,215380,338275,0,63.5,0.5,2380.0,CLOSED,2655.0,2026-03-30,11.55,5
2026-03-25,003670,54514,83186,70.6,0.524,235000.0,CLOSED,205500.0,2026-03-27,-12.55,2
2026-03-25,010620,189955,-112800,68.3,0.0,223000.0,CLOSED,223000.0,2026-03-30,0.0,5
2026-03-25,011170,135597,46271,67.2,0.762,80900.0,CLOSED,80700.0,2026-03-30,-0.25,5
2026-03-25,192820,105292,133280,65.1,0.756,200000.0,CLOSED,205000.0,2026-03-30,2.5,5
2026-03-25,336260,114110,77314,82.2,0.735,36600.0,CLOSED,37650.0,2026-03-30,2.87,5
2026-03-25,001740,564904,-127229,77.6,0.539,5380.0,CLOSED,5300.0,2026-03-30,-1.49,5
2026-03-25,097230,856887,352242,83.12800000000001,0.549,25550.0,CLOSED,25100.0,2026-03-30,-1.76,5
2026-03-25,019170,80764,-2578,64.7,0.646,12720.0,CLOSED,10950.0,2026-03-27,-13.92,2
2026-03-25,008060,90984,23099,65.3,0.465,11280.0,CLOSED,14590.0,2026-03-30,29.34,5
2026-03-25,012030,277457,-593031,72.4,0.769,1830.0,CLOSED,1707.0,2026-03-30,-6.72,5
2026-03-25,005010,134408,106627,75.5,0.641,4500.0,CLOSED,5320.0,2026-03-30,18.22,5
2026-03-25,095570,300362,-14990,71.1,0.464,5380.0,CLOSED,5090.0,2026-03-30,-5.39,5
2026-03-25,004140,57492,-49584,69.7,0.765,2670.0,CLOSED,2715.0,2026-03-30,1.69,5
2026-03-25,011700,555372,-42126,78.4,0.7,4995.0,CLOSED,4560.0,2026-03-27,-8.71,2
2026-03-25,017900,157002,43,76.4,0.764,1988.0,CLOSED,3200.0,2026-03-30,60.97,5
2026-03-25,018500,202776,-6,72.6,0.506,1648.0,CLOSED,1674.0,2026-03-30,1.58,5
2026-03-25,072130,67822,-4473,67.3,0.609,4700.0,CLOSED,5270.0,2026-03-30,12.13,5
2026-03-25,047400,469195,-11748,74.8,0.52,1553.0,CLOSED,1645.0,2026-03-30,5.92,5
2026-03-25,021050,217950,61,75.1,0.783,1255.0,CLOSED,1195.0,2026-03-30,-4.78,5
2026-03-25,011420,63297,41,62.2,0.514,1960.0,CLOSED,1794.0,2026-03-27,-8.47,2
2026-03-25,086520,214353,-167562,70.8,0.402,172200.0,CLOSED,148500.0,2026-03-27,-13.76,2
2026-03-25,214150,77920,-117373,69.2,0.723,70700.0,CLOSED,53500.0,2026-03-27,-24.33,2
2026-03-25,000250,59201,-16511,69.7,0.746,636000.0,CLOSED,1113000.0,2026-03-30,75.0,5
2026-03-25,035900,267879,-255887,66.8,0.606,71700.0,CLOSED,64600.0,2026-03-27,-9.9,2
2026-03-25,263750,272114,-1881897,66.5,0.44,53700.0,CLOSED,56700.0,2026-03-30,5.59,5
2026-03-25,214370,105031,-90861,63.6,0.61,145000.0,CLOSED,95900.0,2026-03-27,-33.86,2
2026-03-25,403870,295886,662022,83.12800000000001,0.395,46250.0,CLOSED,45950.0,2026-03-30,-0.65,5
2026-03-25,039200,114991,-68327,75.7,0.437,56800.0,CLOSED,54000.0,2026-03-30,-4.93,5
2026-03-25,018290,87884,-85827,68.2,0.608,19640.0,CLOSED,15440.0,2026-03-27,-21.38,2
2026-03-25,195940,107810,59879,65.4,0.521,57000.0,CLOSED,53000.0,2026-03-27,-7.02,2
2026-03-25,089030,480479,-736766,83.12800000000001,0.584,47150.0,CLOSED,52200.0,2026-03-30,10.71,5
2026-03-25,067310,401177,121631,77.8,0.438,34850.0,CLOSED,31150.0,2026-03-27,-10.62,2
2026-03-25,137400,67423,-48403,68.9,0.427,53100.0,CLOSED,50100.0,2026-03-30,-5.65,5
2026-03-25,009520,79884,-45924,68.0,0.615,20300.0,CLOSED,17280.0,2026-03-27,-14.88,2
2026-03-25,036540,1113107,10620,83.12800000000001,0.51,7490.0,CLOSED,6500.0,2026-03-27,-13.22,2
2026-03-25,095610,123133,-160916,68.2,0.354,71400.0,CLOSED,60900.0,2026-03-27,-14.71,2
2026-03-25,033640,159864,127339,72.4,0.477,18440.0,CLOSED,18510.0,2026-03-30,0.38,5
2026-03-25,024850,410112,938299,83.12800000000001,0.726,3130.0,CLOSED,4925.0,2026-03-30,57.35,5
2026-03-25,457550,50159,16973,74.6,0.607,28900.0,CLOSED,25900.0,2026-03-27,-10.38,2
2026-03-25,234690,238039,-18050,72.4,0.691,9500.0,CLOSED,14490.0,2026-03-30,52.53,5
2026-03-25,243840,104453,96,73.1,0.494,6210.0,CLOSED,7500.0,2026-03-30,20.77,5
2026-03-25,048530,133880,-3577,73.7,0.45,3750.0,CLOSED,4255.0,2026-03-30,13.47,5
2026-03-25,147830,201262,0,77.1,0.404,7910.0,CLOSED,7590.0,2026-03-30,-4.05,5
2026-03-25,039560,623008,-1009290,72.4,0.727,3940.0,CLOSED,5100.0,2026-03-30,29.44,5
2026-03-25,126880,52214,-141,64.5,0.681,3880.0,CLOSED,3740.0,2026-03-30,-3.61,5
2026-03-25,053700,366246,11038,77.6,0.729,8010.0,CLOSED,6050.0,2026-03-27,-24.47,2
2026-03-25,166480,232865,0,77.3,0.632,3760.0,CLOSED,2475.0,2026-03-27,-34.18,2
2026-03-25,339950,257187,-801,76.1,0.489,2125.0,CLOSED,2325.0,2026-03-30,9.41,5
2026-03-25,096350,374518,-180245,74.3,0.757,2240.0,CLOSED,3347.0,2026-03-30,49.42,5
2026-03-25,300120,884125,-291364,67.2,0.769,2245.0,CLOSED,1053.0,2026-03-27,-53.1,2
2026-03-25,039420,66402,25661,68.1,0.571,2765.0,CLOSED,2900.0,2026-03-30,4.88,5
2026-03-25,019540,228465,-31030,75.3,0.746,5240.0,CLOSED,6230.0,2026-03-30,18.89,5
2026-03-25,101000,220049,0,77.0,0.689,1360.0,CLOSED,1064.0,2026-03-27,-21.76,2
2026-03-25,099410,94125,20000,63.9,0.786,5770.0,CLOSED,4975.0,2026-03-27,-13.78,2
2026-03-25,129890,96354,20001,70.2,0.495,947.0,CLOSED,953.0,2026-03-30,0.63,5
2026-03-25,290560,76762,0,65.6,0.0,8400.0,CLOSED,1732.0,2026-03-27,-79.38,2
2026-03-26,006400,61423,39578,74.0,0.483,404000.0,CLOSED,407250.0,2026-03-31,0.8,5
2026-03-26,005070,195150,18613,67.1,0.462,54800.0,CLOSED,51100.0,2026-03-31,-6.75,5
2026-03-26,005420,158268,15948,65.6,0.595,17340.0,CLOSED,15140.0,2026-03-27,-12.69,1
2026-03-26,002020,95285,-38079,61.9,0.474,65200.0,CLOSED,62100.0,2026-03-31,-4.75,5
2026-03-26,093370,126236,11920,74.7,0.605,8390.0,CLOSED,7300.0,2026-03-27,-12.99,1
2026-03-26,002710,82820,-7716,62.8,0.503,16100.0,CLOSED,13360.0,2026-03-27,-17.02,1
2026-03-26,101530,51325,-48814,60.5,0.788,7020.0,CLOSED,6330.0,2026-03-27,-9.83,1
2026-03-26,018470,373180,-1900,72.4,0.491,1291.0,CLOSED,1609.0,2026-03-31,24.63,5
2026-03-26,036420,68211,-36618,62.2,0.565,7510.0,CLOSED,6040.0,2026-03-27,-19.57,1
2026-03-26,004250,50114,20717,64.4,0.424,3970.0,CLOSED,3860.0,2026-03-31,-2.77,5
2026-03-26,005950,64238,33,67.0,0.664,9410.0,CLOSED,7960.0,2026-03-27,-15.41,1
2026-03-26,014580,91613,26,69.3,0.8,4730.0,CLOSED,4390.0,2026-03-31,-7.19,5
2026-03-26,071090,60430,95,65.7,0.437,3880.0,CLOSED,3430.0,2026-03-27,-11.6,1
2026-03-26,012690,57806,-53960,74.2,0.456,2200.0,CLOSED,2245.0,2026-03-31,2.05,5
2026-03-26,090080,122886,275,66.1,0.549,959.0,CLOSED,923.0,2026-03-31,-3.75,5
2026-03-26,033250,71986,154,67.5,0.607,1030.0,CLOSED,960.0,2026-03-31,-6.8,5
2026-03-26,082270,182067,-86845,68.4,0.353,43950.0,CLOSED,33300.0,2026-03-31,-24.23,5
2026-03-26,237690,100770,40272,68.1,0.453,154000.0,CLOSED,144000.0,2026-03-31,-6.49,5
2026-03-26,101490,69441,32683,73.1,0.393,93100.0,CLOSED,83000.0,2026-03-27,-10.85,1
2026-03-26,131970,108479,-5851,80.2,0.377,65600.0,CLOSED,101100.0,2026-03-31,54.12,5
2026-03-26,060250,237338,-29348,78.9,0.382,21950.0,CLOSED,17060.0,2026-03-27,-22.28,1
2026-03-26,319660,99734,-51498,78.1,0.617,64200.0,CLOSED,78800.0,2026-03-31,22.74,5
2026-03-26,036620,57606,-282433,71.4,0.758,6960.0,CLOSED,5850.0,2026-03-27,-15.95,1
2026-03-26,372320,64321,-24326,62.4,0.741,52000.0,CLOSED,49150.0,2026-03-31,-5.48,5
2026-03-26,025900,172072,-24069,66.9,0.449,10190.0,CLOSED,10220.0,2026-03-31,0.29,5
2026-03-26,475830,65275,-69398,71.8,0.608,113600.0,CLOSED,85400.0,2026-03-31,-24.82,5
2026-03-26,179900,647929,-853590,64.4,0.656,23300.0,CLOSED,18150.0,2026-03-27,-22.1,1
2026-03-26,046890,143009,-304984,70.3,0.301,7500.0,CLOSED,8620.0,2026-03-31,14.93,5
2026-03-26,031330,216051,2008,78.6,0.68,4995.0,CLOSED,4925.0,2026-03-31,-1.4,5
2026-03-26,053610,51799,2625,63.9,0.761,59700.0,CLOSED,54800.0,2026-03-27,-8.21,1
2026-03-26,236200,59757,-38016,64.1,0.42,45600.0,CLOSED,45650.0,2026-03-31,0.11,5
2026-03-26,216080,113609,-13136,72.0,0.444,10310.0,CLOSED,8090.0,2026-03-27,-21.53,1
2026-03-26,112290,50727,392,69.3,0.773,25000.0,CLOSED,21500.0,2026-03-31,-14.0,5
2026-03-26,054210,190329,1261,70.2,0.65,11090.0,CLOSED,9800.0,2026-03-31,-11.63,5
2026-03-26,024060,146714,20,75.4,0.706,15250.0,CLOSED,19240.0,2026-03-31,26.16,5
2026-03-26,033160,339473,18046,82.5,0.598,10330.0,CLOSED,15170.0,2026-03-31,46.85,5
2026-03-26,456070,163618,-16970,66.6,0.547,16750.0,CLOSED,14740.0,2026-03-31,-12.0,5
2026-03-26,086960,71521,30,72.7,0.47,1443.0,CLOSED,1147.0,2026-03-27,-20.51,1
2026-03-26,049520,50936,2425,67.4,0.725,3945.0,CLOSED,3790.0,2026-03-31,-3.93,5
2026-03-26,042520,85020,-88477,72.9,0.533,48900.0,CLOSED,41400.0,2026-03-27,-15.34,1
2026-03-26,066700,62329,-24851,63.6,0.783,2840.0,CLOSED,2790.0,2026-03-31,-1.76,5
2026-03-26,085670,63045,-182008,72.1,0.757,6370.0,CLOSED,5530.0,2026-03-27,-13.19,1
2026-03-26,261200,61655,0,69.1,0.637,4150.0,CLOSED,3940.0,2026-03-31,-5.06,5
2026-03-26,041910,89199,-3467,74.5,0.73,6660.0,CLOSED,7070.0,2026-03-31,6.16,5
2026-03-26,067290,123534,6722,79.5,0.687,2255.0,CLOSED,1987.0,2026-03-27,-11.88,1
2026-03-26,311320,55842,2,62.6,0.772,7770.0,CLOSED,6910.0,2026-03-27,-11.07,1
2026-03-26,330730,55932,10,63.6,0.724,6440.0,CLOSED,5835.0,2026-03-27,-9.39,1
2026-03-26,049480,61990,0,67.1,0.8,2335.0,CLOSED,2105.0,2026-03-31,-9.85,5
2026-03-26,363260,224632,0,63.0,0.43,1582.0,CLOSED,1422.0,2026-03-31,-10.11,5
2026-03-26,014190,82618,0,62.6,0.591,1983.0,CLOSED,1728.0,2026-03-27,-12.86,1
2026-03-27,032830,333107,-222949,74.3,0.713,220000.0,CLOSED,225500.0,2026-04-01,2.5,5
2026-03-27,017670,164161,192682,80.1,0.656,79400.0,CLOSED,77700.0,2026-04-01,-2.14,5
2026-03-27,090430,74055,-4965,67.6,0.442,143200.0,CLOSED,140600.0,2026-04-01,-1.82,5
2026-03-27,088980,1243323,347021,82.5,0.65,11380.0,CLOSED,11340.0,2026-04-01,-0.35,5
2026-03-27,078930,181156,27528,71.6,0.476,66500.0,CLOSED,65900.0,2026-04-01,-0.9,5
2026-03-27,395400,356839,377133,82.5,0.617,6460.0,CLOSED,6230.0,2026-04-01,-3.56,5
2026-03-27,001800,130298,-55559,66.2,0.573,25000.0,CLOSED,23050.0,2026-03-31,-7.8,4
2026-03-27,082640,93844,121203,82.5,0.789,8910.0,CLOSED,8660.0,2026-04-01,-2.81,5
2026-03-27,005690,588715,-73661,77.1,0.426,16860.0,CLOSED,14530.0,2026-03-31,-13.82,4
2026-03-27,069260,77999,-17792,64.3,0.758,18070.0,CLOSED,17780.0,2026-04-01,-1.6,5
2026-03-27,027410,69696,203399,70.0,0.725,4475.0,CLOSED,4650.0,2026-04-01,3.91,5
2026-03-27,009290,122951,1520,76.1,0.327,8890.0,CLOSED,8210.0,2026-03-31,-7.65,4
2026-03-27,123890,129126,42187,79.6,0.398,2820.0,CLOSED,2570.0,2026-03-31,-8.87,4
2026-03-27,001340,229726,-4939,73.6,0.536,6830.0,CLOSED,6830.0,2026-04-01,0.0,5
2026-03-27,001780,267436,211009,76.6,0.47,2110.0,CLOSED,2340.0,2026-04-01,10.9,5
2026-03-27,084680,89122,-89677,73.2,0.475,1556.0,CLOSED,1609.0,2026-04-01,3.41,5
2026-03-27,001250,504800,749,74.3,0.656,2570.0,CLOSED,2630.0,2026-04-01,2.33,5
2026-03-27,037560,65847,-36608,63.8,0.306,2280.0,CLOSED,2260.0,2026-04-01,-0.88,5
2026-03-27,002900,197565,-178704,79.2,0.224,6820.0,CLOSED,6680.0,2026-04-01,-2.05,5
2026-03-27,002150,91293,-3219,64.8,0.634,6340.0,CLOSED,6460.0,2026-04-01,1.89,5
2026-03-27,234080,80602,-132,63.3,0.477,13180.0,CLOSED,12880.0,2026-04-01,-2.28,5
2026-03-27,001360,143942,225,76.9,0.48,1864.0,CLOSED,1828.0,2026-04-01,-1.93,5
2026-03-27,400760,59868,188415,72.4,0.439,3235.0,CLOSED,3240.0,2026-04-01,0.15,5
2026-03-27,003720,498141,280197,79.2,0.788,7330.0,CLOSED,7250.0,2026-04-01,-1.09,5
2026-03-27,005870,91459,897,75.4,0.38,8640.0,CLOSED,7900.0,2026-03-31,-8.56,4
2026-03-27,003580,77466,6553,66.8,0.488,2060.0,CLOSED,2075.0,2026-04-01,0.73,5
2026-03-27,058850,80481,-780,67.1,0.319,2590.0,CLOSED,2600.0,2026-04-01,0.39,5
2026-03-27,017550,72595,275,75.0,0.788,1904.0,CLOSED,1995.0,2026-04-01,4.78,5
2026-03-27,008260,54413,593,64.4,0.471,3600.0,CLOSED,3525.0,2026-04-01,-2.08,5
2026-03-27,011150,74606,179,65.2,0.435,2705.0,CLOSED,2680.0,2026-04-01,-0.92,5
2026-03-27,002700,569411,-1030,78.9,0.473,1379.0,CLOSED,1391.0,2026-04-01,0.87,5
2026-03-27,058860,62677,172,67.7,0.44,2825.0,CLOSED,2805.0,2026-04-01,-0.71,5
2026-03-27,002720,163972,104,75.0,0.753,5150.0,CLOSED,4785.0,2026-03-31,-7.09,4
2026-03-27,006880,149436,51,71.9,0.31,7040.0,CLOSED,7040.0,2026-04-01,0.0,5
2026-03-27,011230,55928,74,65.6,0.441,2540.0,CLOSED,2720.0,2026-04-01,7.09,5
2026-03-27,016090,69376,117,64.6,0.597,1672.0,CLOSED,1720.0,2026-04-01,2.87,5
2026-03-27,000910,114029,80,68.6,0.22,4420.0,CLOSED,4390.0,2026-04-01,-0.68,5
2026-03-27,002140,371872,120,76.5,0.3,2715.0,CLOSED,2690.0,2026-04-01,-0.92,5
2026-03-27,003010,57404,58,64.3,0.42,5420.0,CLOSED,5590.0,2026-04-01,3.14,5
2026-03-27,004770,205483,1427,73.1,0.404,1644.0,CLOSED,1658.0,2026-04-01,0.85,5
2026-03-27,009190,220787,179,70.8,0.632,1280.0,CLOSED,1266.0,2026-04-01,-1.09,5
2026-03-27,085310,738037,-1778,74.8,0.544,1100.0,CLOSED,1110.0,2026-04-01,0.91,5
2026-03-27,013700,55450,230,65.7,0.426,1263.0,CLOSED,1329.0,2026-04-01,5.23,5
2026-03-27,002760,289312,299,80.4,0.475,1162.0,CLOSED,1185.0,2026-04-01,1.98,5
2026-03-27,004920,56737,37,65.6,0.645,1074.0,CLOSED,1059.0,2026-04-01,-1.4,5
2026-03-27,027740,138818,63,76.4,0.523,809.0,CLOSED,812.0,2026-04-01,0.37,5
2026-03-27,058730,330831,-123821,73.4,0.314,3605.0,CLOSED,3695.0,2026-04-01,2.5,5
2026-03-27,023960,51047,-643,66.5,0.78,1486.0,CLOSED,1434.0,2026-04-01,-3.5,5
2026-03-27,028300,159252,-334297,70.8,0.447,52400.0,CLOSED,52650.0,2026-04-01,0.48,5
2026-03-27,226950,100650,46445,77.5,0.735,203000.0,CLOSED,184050.0,2026-03-31,-9.33,4
2026-03-27,052020,178498,54554,78.2,0.669,19270.0,CLOSED,17060.0,2026-03-31,-11.47,4
2026-03-27,091700,309597,-6363,81.4,0.416,8290.0,CLOSED,7620.0,2026-03-31,-8.08,4
2026-03-27,950170,375589,-6000,67.9,0.51,5060.0,CLOSED,4945.0,2026-04-01,-2.27,5
2026-03-27,121440,65454,251,65.9,0.331,4975.0,CLOSED,4850.0,2026-04-01,-2.51,5
2026-03-27,086820,246467,-187265,73.1,0.556,12900.0,CLOSED,11850.0,2026-03-31,-8.14,4
2026-03-27,032620,80199,3532,69.7,0.445,4050.0,CLOSED,4040.0,2026-04-01,-0.25,5
2026-03-27,051160,66479,-10648,65.5,0.522,7970.0,CLOSED,8090.0,2026-04-01,1.51,5
2026-03-27,052710,259738,60256,78.1,0.735,13950.0,CLOSED,12470.0,2026-03-31,-10.61,4
2026-03-27,393970,471984,2639,68.1,0.0,2825.0,CLOSED,2825.0,2026-04-01,0.0,5
2026-03-27,006620,78023,11329,65.6,0.487,5400.0,CLOSED,5240.0,2026-04-01,-2.96,5
2026-03-27,041440,83371,1,66.0,0.45,8660.0,CLOSED,8780.0,2026-04-01,1.39,5
2026-03-27,226400,153105,-16,67.6,0.752,6880.0,CLOSED,6250.0,2026-03-31,-9.16,4
2026-03-27,037070,63979,0,62.9,0.657,8540.0,CLOSED,8680.0,2026-04-01,1.64,5
2026-03-27,095190,103441,4303,73.7,0.22,2255.0,CLOSED,2250.0,2026-04-01,-0.22,5
2026-03-27,027710,784914,-2956,74.1,0.259,1306.0,CLOSED,1314.0,2026-04-01,0.61,5
2026-03-27,408900,70594,1007,67.1,0.495,2275.0,CLOSED,2275.0,2026-04-01,0.0,5
2026-03-27,052420,153279,-226,73.4,0.361,1401.0,CLOSED,1350.0,2026-04-01,-3.64,5
2026-03-27,207760,65742,8442,77.8,0.31,1035.0,CLOSED,1027.0,2026-04-01,-0.77,5
2026-03-27,204610,56934,33306,73.8,0.601,2880.0,CLOSED,2620.0,2026-03-31,-9.03,4
2026-03-27,315640,59354,2739,71.8,0.574,3560.0,CLOSED,3300.0,2026-03-31,-7.3,4
2026-03-27,124560,149107,2,75.1,0.344,2870.0,CLOSED,2710.0,2026-04-01,-5.57,5
2026-03-27,347860,124048,0,72.9,0.638,1886.0,CLOSED,1930.0,2026-04-01,2.33,5
2026-03-27,082850,227916,0,66.2,0.298,1908.0,CLOSED,1901.0,2026-04-01,-0.37,5
2026-03-27,234300,109368,0,64.2,0.438,3380.0,CLOSED,3335.0,2026-04-01,-1.33,5
2026-03-27,053280,54264,19,61.3,0.357,3665.0,CLOSED,3375.0,2026-03-31,-7.91,4
2026-03-27,033230,244446,-937,63.7,0.455,1652.0,CLOSED,1647.0,2026-04-01,-0.3,5
2026-03-27,060310,71050,0,71.4,0.552,1263.0,CLOSED,1280.0,2026-04-01,1.35,5
2026-03-27,038880,63504,0,72.5,0.609,143.0,CLOSED,138.0,2026-04-01,-3.5,5
2026-03-27,185490,94789,0,67.7,0.546,1527.0,CLOSED,1497.0,2026-04-01,-1.96,5
2026-03-27,105740,145852,-23550,63.9,0.546,9700.0,CLOSED,9650.0,2026-04-01,-0.52,5
2026-03-27,081150,103402,69900,76.5,0.311,3400.0,CLOSED,3470.0,2026-04-01,2.06,5
2026-03-27,020710,129366,-179,64.0,0.612,4075.0,CLOSED,4035.0,2026-04-01,-0.98,5
2026-03-27,189980,56197,-1582,67.2,0.37,1640.0,CLOSED,1620.0,2026-04-01,-1.22,5
2026-03-27,064240,92746,0,65.1,0.668,2075.0,CLOSED,1918.0,2026-03-31,-7.57,4
2026-03-27,013720,68621,-1404,73.8,0.676,878.0,CLOSED,902.0,2026-04-01,2.73,5
2026-03-27,066980,282567,0,65.5,0.43,1414.0,CLOSED,1348.0,2026-04-01,-4.67,5
2026-03-27,037440,68021,-72862,60.3,0.533,4175.0,CLOSED,4260.0,2026-04-01,2.04,5
2026-03-27,068050,89104,1463,64.4,0.766,1580.0,CLOSED,1596.0,2026-04-01,1.01,5
2026-03-27,027580,64040,0,77.3,0.577,598.0,CLOSED,588.0,2026-04-01,-1.67,5
2026-03-27,057540,86335,0,60.0,0.641,839.0,CLOSED,808.0,2026-04-01,-3.69,5
2026-03-27,336060,50706,-7,68.4,0.52,994.0,CLOSED,988.0,2026-04-01,-0.6,5
2026-03-27,069410,55309,-46,63.7,0.351,4800.0,CLOSED,4905.0,2026-04-01,2.19,5
2026-03-27,271830,82480,-543,66.4,0.467,1578.0,CLOSED,1513.0,2026-04-01,-4.12,5
2026-03-27,088910,50799,3500,71.4,0.367,2400.0,CLOSED,2415.0,2026-04-01,0.62,5
2026-03-27,103840,83764,0,67.1,0.451,3110.0,CLOSED,3090.0,2026-04-01,-0.64,5
2026-03-27,043200,105036,0,76.0,0.38,926.0,CLOSED,967.0,2026-04-01,4.43,5
2026-03-27,126640,243329,0,75.8,0.638,1493.0,CLOSED,1519.0,2026-04-01,1.74,5
2026-03-27,368600,50215,0,65.0,0.55,889.0,CLOSED,897.0,2026-04-01,0.9,5
2026-03-27,114630,347529,24949,70.6,0.454,487.0,CLOSED,481.0,2026-04-01,-1.23,5
2026-03-27,025880,177229,0,75.3,0.336,2895.0,CLOSED,2860.0,2026-04-01,-1.21,5
2026-03-27,038620,984013,0,77.6,0.591,610.0,CLOSED,521.0,2026-03-31,-14.59,4
2026-03-27,452300,51638,0,66.9,0.455,3230.0,CLOSED,4100.0,2026-04-01,26.93,5
2026-03-27,075970,70152,0,64.6,0.366,2185.0,CLOSED,2205.0,2026-04-01,0.92,5
2026-03-27,094970,96601,-10053,68.1,0.673,2930.0,CLOSED,3070.0,2026-04-01,4.78,5
2026-03-27,038060,101177,0,76.8,0.674,721.0,CLOSED,760.0,2026-04-01,5.41,5
2026-03-27,225220,82033,-6,64.0,0.364,1801.0,CLOSED,1814.0,2026-04-01,0.72,5
2026-03-27,332290,467115,-152288,71.1,0.322,1375.0,CLOSED,1276.0,2026-03-31,-7.2,4
2026-03-27,900260,125435,0,62.2,0.554,1663.0,CLOSED,1672.0,2026-04-01,0.54,5
2026-03-27,398120,104089,-130028,65.2,0.554,4435.0,CLOSED,4215.0,2026-04-01,-4.96,5
2026-03-27,146060,64498,0,60.3,0.504,1537.0,CLOSED,1508.0,2026-04-01,-1.89,5
2026-03-27,115530,393920,2,73.1,0.556,302.0,CLOSED,305.0,2026-04-01,0.99,5
2026-03-27,038530,667041,0,77.2,0.5,354.0,CLOSED,351.0,2026-04-01,-0.85,5
2026-03-27,900070,79358,366,75.5,0.701,543.0,CLOSED,533.0,2026-04-01,-1.84,5
2026-03-27,054940,87153,0,67.0,0.386,687.0,CLOSED,718.0,2026-04-01,4.51,5
2026-03-30,101530,51325,-48814,60.5,0.647,6330.0,CLOSED,6400.0,2026-04-06,1.11,7
2026-03-30,071090,60430,95,65.7,0.647,3430.0,CLOSED,3615.0,2026-04-06,5.39,7
2026-03-30,011420,99666,139,62.8,0.364,1794.0,CLOSED,1718.0,2026-04-06,-4.24,7
2026-03-30,035900,267586,-233157,67.9,0.556,64600.0,CLOSED,59300.0,2026-04-02,-8.2,3
2026-03-30,195940,104221,78636,65.7,0.482,53000.0,CLOSED,48800.0,2026-03-31,-7.92,1
2026-03-30,036620,57606,-282433,71.4,0.789,5850.0,CLOSED,5200.0,2026-03-31,-11.11,1
2026-03-30,311320,55842,2,62.6,0.556,6910.0,CLOSED,7140.0,2026-04-06,3.33,7
2026-03-30,330730,55932,10,63.6,0.78,5835.0,CLOSED,5750.0,2026-04-06,-1.46,7
2026-03-31,323410,236525,367045,75.9,0.774,23950.0,CLOSED,23700.0,2026-04-06,-1.04,6
2026-03-31,000100,212232,40140,68.3,0.598,94900.0,CLOSED,91700.0,2026-04-06,-3.37,6
2026-03-31,010620,189955,-112800,68.3,0.0,223000.0,CLOSED,223000.0,2026-04-06,0.0,6
2026-03-31,302440,71211,23836,60.8,0.758,41650.0,CLOSED,40750.0,2026-04-06,-2.16,6
2026-03-31,383220,95118,-29205,62.4,0.5,61300.0,CLOSED,60900.0,2026-04-06,-0.65,6
2026-03-31,073240,106522,123777,72.8,0.698,5880.0,CLOSED,5980.0,2026-04-06,1.7,6
2026-03-31,019170,78968,-2508,65.9,0.646,10290.0,CLOSED,10120.0,2026-04-06,-1.65,6
2026-03-31,005420,167567,101923,65.8,0.652,14800.0,CLOSED,15290.0,2026-04-06,3.31,6
2026-03-31,089590,147793,-121585,61.7,0.479,4985.0,CLOSED,5040.0,2026-04-06,1.1,6
2026-03-31,322000,53508,-82411,74.1,0.436,140000.0,CLOSED,180500.0,2026-04-06,28.93,6
2026-03-31,002710,101640,-59,63.9,0.675,13180.0,CLOSED,14190.0,2026-04-06,7.66,6
2026-03-31,005010,512458,171413,78.1,0.646,5240.0,CLOSED,5630.0,2026-04-06,7.44,6
2026-03-31,044450,64760,-10226,72.8,0.531,10900.0,CLOSED,11380.0,2026-04-06,4.4,6
2026-03-31,095570,54902,43755,69.9,0.587,5110.0,CLOSED,5080.0,2026-04-06,-0.59,6
2026-03-31,005950,65986,107,66.4,0.436,7730.0,CLOSED,7880.0,2026-04-06,1.94,6
2026-03-31,010660,122669,76,71.9,0.786,6030.0,CLOSED,5220.0,2026-04-06,-13.43,6
2026-03-31,001210,321150,223,80.5,0.75,773.0,CLOSED,793.0,2026-04-06,2.59,6
2026-03-31,015020,62733,-13450,64.4,0.0,464.0,CLOSED,464.0,2026-04-06,0.0,6
2026-03-31,009310,57942,75,68.2,0.0,1065.0,CLOSED,1065.0,2026-04-06,0.0,6
2026-03-31,247540,509904,24868,77.8,0.575,194100.0,CLOSED,200500.0,2026-04-06,3.3,6
2026-03-31,137400,121397,-46065,67.5,0.532,47350.0,CLOSED,46950.0,2026-04-06,-0.84,6
2026-03-31,009520,131880,-48392,67.6,0.676,17170.0,CLOSED,18040.0,2026-04-06,5.07,6
2026-03-31,069080,56558,-39391,62.4,0.532,12010.0,CLOSED,11830.0,2026-04-06,-1.5,6
2026-03-31,418550,55601,-9006,70.6,0.38,7800.0,CLOSED,8440.0,2026-04-06,8.21,6
2026-03-31,067080,53254,-4721,66.3,0.553,14250.0,CLOSED,13980.0,2026-04-06,-1.89,6
2026-03-31,205470,166100,273,77.9,0.767,735.0,CLOSED,760.0,2026-04-06,3.4,6
2026-03-31,090850,69842,-3976,67.0,0.637,6220.0,CLOSED,5900.0,2026-04-06,-5.14,6
2026-03-31,175140,115360,0,67.7,0.661,3950.0,CLOSED,4070.0,2026-04-06,3.04,6
2026-03-31,048550,79760,2045,68.3,0.62,1092.0,CLOSED,1085.0,2026-04-06,-0.64,6
2026-03-31,950220,73734,0,76.4,0.441,523.0,CLOSED,484.0,2026-04-06,-7.46,6
2026-03-31,220260,69463,31,70.9,0.571,5190.0,CLOSED,5190.0,2026-04-06,0.0,6
2026-03-31,027830,105817,0,69.5,0.727,1440.0,CLOSED,1441.0,2026-04-06,0.07,6
2026-03-31,037950,180831,0,67.0,0.606,710.0,CLOSED,724.0,2026-04-06,1.97,6
2026-03-31,015710,114027,0,73.1,0.515,3745.0,CLOSED,3790.0,2026-04-06,1.2,6
2026-03-31,376930,93304,116,72.7,0.475,1613.0,CLOSED,1577.0,2026-04-06,-2.23,6
2026-03-31,189330,54140,0,63.7,0.439,4440.0,CLOSED,4375.0,2026-04-06,-1.46,6
2026-03-31,464580,57018,0,62.2,0.719,2055.0,CLOSED,2010.0,2026-04-06,-2.19,6
2026-03-31,238090,82926,0,63.7,0.734,3035.0,CLOSED,3925.0,2026-04-06,29.32,6
2026-03-31,129890,82240,18001,69.6,0.504,922.0,CLOSED,914.0,2026-04-06,-0.87,6
2026-03-31,011080,214403,0,69.7,0.723,475.0,CLOSED,434.0,2026-04-06,-8.63,6
2026-03-31,222420,100736,0,68.5,0.441,1322.0,CLOSED,1303.0,2026-04-06,-1.44,6
2026-03-31,032580,139769,0,60.5,0.782,1119.0,CLOSED,1078.0,2026-04-06,-3.66,6
2026-03-31,252500,58330,0,65.5,0.788,795.0,CLOSED,796.0,2026-04-06,0.13,6
2026-03-31,047080,62117,-1478,65.3,0.6,1291.0,CLOSED,1300.0,2026-04-06,0.7,6
2026-03-31,031510,64727,-197,63.4,0.772,1049.0,CLOSED,1018.0,2026-04-06,-2.96,6
2026-04-01,051910,124942,117424,66.9,0.782,307000.0,CLOSED,317500.0,2026-04-06,3.42,5
2026-04-01,003490,347452,-31949,64.7,0.782,24450.0,CLOSED,23100.0,2026-04-06,-5.52,5
2026-04-01,047050,139404,122232,79.4,0.502,76400.0,CLOSED,80300.0,2026-04-06,5.1,5
2026-04-01,005690,442392,-266319,76.3,0.639,15610.0,CLOSED,14630.0,2026-04-06,-6.28,5
2026-04-01,078520,97377,89033,70.9,0.681,12370.0,CLOSED,11360.0,2026-04-03,-8.16,2
2026-04-01,009270,59379,-301581,72.3,0.658,1342.0,CLOSED,1303.0,2026-04-06,-2.91,5
2026-04-01,025820,67418,113,70.0,0.781,4880.0,CLOSED,4920.0,2026-04-06,0.82,5
2026-04-01,014580,101932,69,69.4,0.37,4470.0,CLOSED,4470.0,2026-04-06,0.0,5
2026-04-01,033250,79253,244,68.0,0.675,978.0,CLOSED,963.0,2026-04-06,-1.53,5
2026-04-01,237690,58588,40300,67.4,0.708,151700.0,CLOSED,138100.0,2026-04-03,-8.97,2
2026-04-01,319660,131167,-115436,77.6,0.731,85000.0,CLOSED,76000.0,2026-04-03,-10.59,2
2026-04-01,025900,246715,-10083,67.6,0.772,10980.0,CLOSED,10280.0,2026-04-06,-6.38,5
2026-04-01,131290,56537,-15924,65.3,0.684,119800.0,CLOSED,111100.0,2026-04-02,-7.26,1
2026-04-01,376900,71186,-98818,77.4,0.595,150000.0,CLOSED,135400.0,2026-04-02,-9.73,1
2026-04-01,042370,194181,7961,77.0,0.585,11820.0,CLOSED,11370.0,2026-04-06,-3.81,5
2026-04-01,255220,429959,21559,73.5,0.705,2810.0,CLOSED,2705.0,2026-04-06,-3.74,5
2026-04-01,086820,244274,-177465,73.2,0.597,12820.0,CLOSED,11570.0,2026-04-02,-9.75,1
2026-04-01,033160,92647,291982,82.7,0.67,18480.0,CLOSED,17160.0,2026-04-06,-7.14,5
2026-04-01,456070,133748,-23505,66.3,0.709,15990.0,CLOSED,14690.0,2026-04-02,-8.13,1
2026-04-01,147830,103795,-350,73.2,0.778,7680.0,CLOSED,7340.0,2026-04-06,-4.43,5
2026-04-01,021080,90662,-144694,73.8,0.775,3090.0,CLOSED,2915.0,2026-04-06,-5.66,5
2026-04-01,289930,52116,-17388,69.2,0.708,18660.0,CLOSED,19230.0,2026-04-06,3.05,5
2026-04-01,049520,57607,-9830,66.8,0.772,3900.0,CLOSED,3935.0,2026-04-06,0.9,5
2026-04-01,027050,145641,0,67.0,0.734,1819.0,CLOSED,1759.0,2026-04-06,-3.3,5
2026-04-01,355150,72396,-15381,70.7,0.516,22600.0,CLOSED,24000.0,2026-04-06,6.19,5
2026-04-01,067290,133842,-850,79.7,0.707,1975.0,CLOSED,1930.0,2026-04-06,-2.28,5
2026-04-01,049480,72144,0,67.9,0.438,2160.0,CLOSED,2105.0,2026-04-06,-2.55,5
2026-04-01,294630,131010,-230142,74.2,0.774,4020.0,CLOSED,3730.0,2026-04-02,-7.21,1
2026-04-01,094940,57694,-4926,66.8,0.555,9580.0,CLOSED,9040.0,2026-04-06,-5.64,5
2026-04-01,114450,146860,7707,70.0,0.32,2705.0,CLOSED,2600.0,2026-04-06,-3.88,5
2026-04-01,298060,104827,0,70.7,0.373,809.0,CLOSED,809.0,2026-04-06,0.0,5
2026-04-01,332290,134912,-81356,71.2,0.413,1284.0,CLOSED,1450.0,2026-04-06,12.93,5
2026-04-01,083640,755554,-121007,82.7,0.315,409.0,CLOSED,393.0,2026-04-06,-3.91,5
2026-04-01,091970,160969,0,74.9,0.547,663.0,CLOSED,655.0,2026-04-06,-1.21,5
2026-04-02,001790,275314,-16672,74.0,0.712,2965.0,CLOSED,2990.0,2026-04-07,0.84,5
2026-04-02,001250,626095,-9369,79.5,0.787,2590.0,CLOSED,3440.0,2026-04-07,32.82,5
2026-04-02,002150,72575,-14404,64.1,0.753,6350.0,CLOSED,6510.0,2026-04-07,2.52,5
2026-04-02,005680,130874,361,67.7,0.387,15490.0,CLOSED,14830.0,2026-04-07,-4.26,5
2026-04-02,016740,56781,45834,66.3,0.263,4530.0,CLOSED,4455.0,2026-04-07,-1.66,5
2026-04-02,011230,59155,164,64.9,0.65,2540.0,CLOSED,2555.0,2026-04-07,0.59,5
2026-04-02,004870,103705,-85342,70.4,0.739,334.0,CLOSED,315.0,2026-04-07,-5.69,5
2026-04-02,002140,191313,138,77.1,0.439,2650.0,CLOSED,2740.0,2026-04-07,3.4,5
2026-04-02,003010,78810,1888,64.7,0.661,5380.0,CLOSED,5590.0,2026-04-07,3.9,5
2026-04-02,004060,1467696,17583,76.3,0.265,520.0,CLOSED,472.0,2026-04-07,-9.23,5
2026-04-02,085310,178745,403,75.5,0.614,1061.0,CLOSED,1073.0,2026-04-07,1.13,5
2026-04-02,002760,174974,353,79.4,0.504,1144.0,CLOSED,1121.0,2026-04-07,-2.01,5
2026-04-02,027740,188248,132,72.7,0.766,802.0,CLOSED,814.0,2026-04-07,1.5,5
2026-04-02,058730,189834,-77679,73.7,0.397,3535.0,CLOSED,3635.0,2026-04-07,2.83,5
2026-04-02,002360,1199889,637,80.9,0.636,419.0,CLOSED,424.0,2026-04-07,1.19,5
2026-04-02,000040,53565,114,67.2,0.738,413.0,CLOSED,408.0,2026-04-07,-1.21,5
2026-04-02,078340,51783,26749,63.0,0.753,32850.0,CLOSED,32000.0,2026-04-07,-2.59,5
2026-04-02,050890,67207,285563,80.5,0.582,14930.0,CLOSED,14420.0,2026-04-07,-3.42,5
2026-04-02,032620,75017,-7182,69.7,0.461,3900.0,CLOSED,3865.0,2026-04-07,-0.9,5
2026-04-02,297090,62444,212373,81.47799999999994,0.476,7990.0,CLOSED,7840.0,2026-04-07,-1.88,5
2026-04-02,109610,66897,-1,70.3,0.66,2650.0,CLOSED,2745.0,2026-04-07,3.58,5
2026-04-02,051160,61203,3,65.8,0.56,8040.0,CLOSED,7880.0,2026-04-07,-1.99,5
2026-04-02,299900,56061,-30442,77.6,0.656,446.0,CLOSED,446.0,2026-04-07,0.0,5
2026-04-02,235980,52725,4696,74.3,0.262,5540.0,CLOSED,5180.0,2026-04-07,-6.5,5
2026-04-02,027710,488307,0,76.5,0.214,1302.0,CLOSED,1376.0,2026-04-07,5.68,5
2026-04-02,332570,171093,178637,73.5,0.692,4980.0,CLOSED,5080.0,2026-04-07,2.01,5
2026-04-02,347860,199080,0,71.0,0.551,1783.0,CLOSED,1799.0,2026-04-07,0.9,5
2026-04-02,081150,160754,65000,77.1,0.23,3390.0,CLOSED,3425.0,2026-04-07,1.03,5
2026-04-02,388790,64022,132303,76.9,0.687,5490.0,CLOSED,5090.0,2026-04-07,-7.29,5
2026-04-02,013720,53960,-874,75.0,0.62,886.0,CLOSED,895.0,2026-04-07,1.02,5
2026-04-02,042110,50838,0,64.4,0.564,1433.0,CLOSED,1442.0,2026-04-07,0.63,5
2026-04-02,200230,141251,0,78.6,0.523,834.0,CLOSED,817.0,2026-04-07,-2.04,5
2026-04-02,037440,54497,0,61.7,0.586,4080.0,CLOSED,4185.0,2026-04-07,2.57,5
2026-04-02,317850,63404,0,65.2,0.622,8170.0,CLOSED,8600.0,2026-04-07,5.26,5
2026-04-02,014190,53921,0,67.7,0.771,1688.0,CLOSED,1671.0,2026-04-07,-1.01,5
2026-04-02,106080,360427,-458,72.7,0.0,330.0,CLOSED,330.0,2026-04-07,0.0,5
2026-04-02,368600,111220,0,66.2,0.438,890.0,CLOSED,917.0,2026-04-07,3.03,5
2026-04-02,114630,57172,-42372,71.8,0.488,472.0,CLOSED,473.0,2026-04-07,0.21,5
2026-04-02,025880,128408,0,66.6,0.404,2840.0,CLOSED,2905.0,2026-04-07,2.29,5
2026-04-02,900260,89753,0,63.5,0.556,1651.0,CLOSED,1634.0,2026-04-07,-1.03,5
2026-04-02,044780,51810,0,63.3,0.682,1439.0,CLOSED,1440.0,2026-04-07,0.07,5
2026-04-02,058450,57218,0,73.4,0.677,699.0,CLOSED,647.0,2026-04-07,-7.44,5
2026-04-02,044480,1026057,0,70.4,0.347,332.0,CLOSED,307.0,2026-04-03,-7.53,1
2026-04-02,011200,846506,195054,72.0,0.799,19980.0,CLOSED,20100.0,2026-04-07,0.6,5
2026-04-02,003520,81780,2326,67.4,0.632,1727.0,CLOSED,1706.0,2026-04-07,-1.22,5
2026-04-02,014530,600343,-219,77.9,0.538,3810.0,CLOSED,3955.0,2026-04-07,3.81,5
2026-04-02,118000,63229,14282,77.9,0.611,233.0,CLOSED,223.0,2026-04-07,-4.29,5
2026-04-02,214150,196415,-103987,66.3,0.697,51800.0,CLOSED,51200.0,2026-04-07,-1.16,5
2026-04-02,456070,122229,-32375,65.4,0.79,14800.0,CLOSED,14050.0,2026-04-07,-5.07,5
2026-04-02,069540,964307,72366,78.2,0.68,3185.0,CLOSED,3165.0,2026-04-07,-0.63,5
2026-04-02,035620,163714,-113360,79.1,0.756,256.0,CLOSED,245.0,2026-04-07,-4.3,5
2026-04-02,068270,148066,178673,75.3,0.711,195200.0,CLOSED,193200.0,2026-04-07,-1.02,5
2026-04-02,096770,86275,445022,74.5,0.657,114800.0,CLOSED,121800.0,2026-04-07,6.1,5
2026-04-02,112610,80811,334645,81.12899999999999,0.511,64600.0,CLOSED,65300.0,2026-04-07,1.08,5
2026-04-02,365550,445898,268696,75.6,0.541,4500.0,CLOSED,4470.0,2026-04-07,-0.67,5
2026-04-02,115450,95307,18331,75.6,0.737,2960.0,CLOSED,3040.0,2026-04-07,2.7,5
2026-04-02,019210,178828,157082,73.5,0.548,13280.0,CLOSED,12660.0,2026-04-07,-4.67,5
2026-04-02,171120,59175,9292,64.3,0.559,2020.0,CLOSED,2055.0,2026-04-07,1.73,5
2026-04-02,052600,51742,1,69.7,0.645,3545.0,CLOSED,3665.0,2026-04-07,3.39,5
2026-04-02,065440,786750,0,77.5,0.75,2740.0,CLOSED,3010.0,2026-04-07,9.85,5
2026-04-02,076080,56480,-80,65.8,0.619,1237.0,CLOSED,1191.0,2026-04-07,-3.72,5
2026-04-03,032830,92226,-26047,72.7,0.635,221000.0,CLOSED,223500.0,2026-04-08,1.13,5
2026-04-03,010950,330469,-89914,78.0,0.581,111400.0,CLOSED,114800.0,2026-04-08,3.05,5
2026-04-03,103140,88733,33668,64.9,0.747,96800.0,CLOSED,101800.0,2026-04-08,5.17,5
2026-04-03,003570,94709,-19791,63.9,0.778,52600.0,CLOSED,49600.0,2026-04-08,-5.7,5
2026-04-03,001620,253520,-52564,77.0,0.441,629.0,CLOSED,623.0,2026-04-08,-0.95,5
2026-04-03,109070,227446,269,75.2,0.282,1270.0,CLOSED,1207.0,2026-04-08,-4.96,5
2026-04-03,082920,77232,391971,74.3,0.613,40650.0,CLOSED,37850.0,2026-04-08,-6.89,5
2026-04-03,200710,67994,-223276,73.5,0.723,56300.0,CLOSED,48950.0,2026-04-07,-13.06,4
2026-04-03,027360,329568,1378,68.6,0.762,8830.0,CLOSED,8590.0,2026-04-08,-2.72,5
2026-04-03,330860,108127,99854,76.5,0.562,26150.0,CLOSED,28150.0,2026-04-08,7.65,5
2026-04-03,100130,117146,-16353,75.8,0.676,2530.0,CLOSED,2390.0,2026-04-08,-5.53,5
2026-04-03,475580,158777,21722,76.3,0.56,13680.0,CLOSED,12640.0,2026-04-07,-7.6,4
2026-04-03,039560,399593,-195867,72.4,0.618,5070.0,CLOSED,4910.0,2026-04-08,-3.16,5
2026-04-03,033320,172300,165,75.2,0.377,4850.0,CLOSED,4650.0,2026-04-08,-4.12,5
2026-04-03,011370,87961,-138424,68.9,0.75,1033.0,CLOSED,1009.0,2026-04-08,-2.32,5
2026-04-03,042500,77833,19,67.2,0.679,4050.0,CLOSED,4025.0,2026-04-08,-0.62,5
2026-04-03,218150,51894,5,73.7,0.27,3145.0,CLOSED,3065.0,2026-04-08,-2.54,5
2026-04-03,094840,67547,-2729,64.8,0.677,7770.0,CLOSED,7790.0,2026-04-08,0.26,5
2026-04-03,065530,165040,16543,75.9,0.613,2150.0,CLOSED,2060.0,2026-04-08,-4.19,5
2026-04-03,019540,99724,-12651,75.3,0.351,6480.0,CLOSED,6330.0,2026-04-08,-2.31,5
2026-04-03,418620,55775,-153,67.1,0.388,1306.0,CLOSED,1277.0,2026-04-08,-2.22,5
2026-04-03,100590,154342,-5277,75.4,0.623,6100.0,CLOSED,5690.0,2026-04-08,-6.72,5
2026-04-03,900310,105127,376,64.6,0.398,499.0,CLOSED,493.0,2026-04-08,-1.2,5
2026-04-03,308100,79201,1,64.2,0.652,921.0,CLOSED,1222.0,2026-04-08,32.68,5
2026-04-03,115160,52831,21965,66.8,0.67,700.0,CLOSED,688.0,2026-04-08,-1.71,5
2026-04-03,080520,117153,-3800,67.9,0.428,3810.0,CLOSED,3675.0,2026-04-08,-3.54,5
2026-04-03,119500,57077,0,65.5,0.791,3910.0,CLOSED,3750.0,2026-04-08,-4.09,5
2026-04-03,900070,73833,4771,70.4,0.488,517.0,CLOSED,499.0,2026-04-08,-3.48,5
2026-04-03,317240,517413,0,71.2,0.527,317.0,CLOSED,298.0,2026-04-08,-5.99,5
2026-04-03,044480,1548066,0,71.0,0.352,307.0,CLOSED,333.0,2026-04-08,8.47,5
2026-04-06,100090,456483,531647,81.12899999999999,0.448,28500.0,CLOSED,25700.0,2026-04-07,-9.82,1
2026-04-06,000210,178835,-24387,71.2,0.331,63200.0,CLOSED,65600.0,2026-04-13,3.8,7
2026-04-06,006740,81647,131,70.9,0.632,559.0,CLOSED,551.0,2026-04-13,-1.43,7
2026-04-06,012280,107122,-74410,72.9,0.596,1005.0,CLOSED,1071.0,2026-04-13,6.57,7
2026-04-06,215600,503257,1766,73.1,0.576,3825.0,CLOSED,3755.0,2026-04-13,-1.83,7
2026-04-06,089980,152708,-13244,68.9,0.733,24050.0,CLOSED,23800.0,2026-04-13,-1.04,7
2026-04-06,013990,58122,6004,72.0,0.743,4685.0,CLOSED,4760.0,2026-04-13,1.6,7
2026-04-06,277880,67346,0,74.4,0.335,4930.0,CLOSED,5030.0,2026-04-13,2.03,7
2026-04-06,025550,68537,0,68.1,0.703,3270.0,CLOSED,3355.0,2026-04-13,2.6,7
2026-04-06,347000,91291,0,63.8,0.8,2125.0,CLOSED,2145.0,2026-04-13,0.94,7
2026-04-06,291230,128333,0,71.5,0.362,740.0,CLOSED,1025.0,2026-04-13,38.51,7
2026-04-06,198080,58692,-30533,76.2,0.296,2735.0,CLOSED,2815.0,2026-04-13,2.93,7
2026-04-06,046390,106076,361304,74.4,0.59,1024.0,CLOSED,1017.0,2026-04-13,-0.68,7
2026-04-06,043340,114173,0,76.4,0.484,579.0,CLOSED,540.0,2026-04-13,-6.74,7
2026-04-06,140430,193041,0,63.0,0.718,636.0,CLOSED,828.0,2026-04-13,30.19,7
2026-04-06,276730,71182,0,67.8,0.482,810.0,CLOSED,767.0,2026-04-13,-5.31,7
2026-04-07,047810,358897,106173,76.6,0.788,186700.0,CLOSED,199900.0,2026-04-13,7.07,6
2026-04-07,010620,189955,-112800,68.3,0.0,223000.0,CLOSED,223000.0,2026-04-13,0.0,6
2026-04-07,000880,268065,-141527,69.0,0.709,115800.0,CLOSED,125600.0,2026-04-13,8.46,6
2026-04-07,008770,134791,279761,68.1,0.796,46050.0,CLOSED,50100.0,2026-04-13,8.79,6
2026-04-07,009270,120969,-665,68.9,0.703,1337.0,CLOSED,1422.0,2026-04-13,6.36,6
2026-04-07,007110,171326,295,73.2,0.645,1511.0,CLOSED,1627.0,2026-04-13,7.68,6
2026-04-07,014990,63232,-281,64.2,0.58,741.0,CLOSED,783.0,2026-04-13,5.67,6
2026-04-07,004540,125807,-15164,75.3,0.633,2060.0,CLOSED,2085.0,2026-04-13,1.21,6
2026-04-07,033250,53382,351,67.7,0.549,963.0,CLOSED,997.0,2026-04-13,3.53,6
2026-04-07,015020,62733,-13450,63.2,0.0,464.0,CLOSED,464.0,2026-04-13,0.0,6
2026-04-07,007390,75814,31219,69.6,0.762,17220.0,CLOSED,18870.0,2026-04-13,9.58,6
2026-04-07,045390,236798,690,73.6,0.568,4065.0,CLOSED,4530.0,2026-04-13,11.44,6
2026-04-07,031330,64765,-32924,78.2,0.598,5180.0,CLOSED,6370.0,2026-04-13,22.97,6
2026-04-07,205470,202424,-459,70.7,0.291,758.0,CLOSED,815.0,2026-04-13,7.52,6
2026-04-07,049520,70814,-7032,66.3,0.477,3910.0,CLOSED,4230.0,2026-04-13,8.18,6
2026-04-07,234100,78306,0,71.0,0.369,1004.0,CLOSED,1049.0,2026-04-13,4.48,6
2026-04-07,036090,541333,0,64.5,0.373,589.0,CLOSED,734.0,2026-04-13,24.62,6
2026-04-07,036010,87198,-20079,69.2,0.631,9620.0,CLOSED,9560.0,2026-04-13,-0.62,6
2026-04-07,015710,53207,-123,71.9,0.566,3735.0,CLOSED,3915.0,2026-04-13,4.82,6
2026-04-07,047770,426572,0,64.6,0.705,4480.0,CLOSED,4865.0,2026-04-13,8.59,6
2026-04-07,047080,57472,-159,65.5,0.701,1290.0,CLOSED,1229.0,2026-04-13,-4.73,6
2026-04-08,068270,148066,178673,75.3,0.675,193200.0,CLOSED,199800.0,2026-04-13,3.42,5
2026-04-08,011200,1434886,-270271,73.0,0.591,20100.0,CLOSED,21650.0,2026-04-13,7.71,5
2026-04-08,001790,400807,14483,73.9,0.609,2990.0,CLOSED,3000.0,2026-04-13,0.33,5
2026-04-08,085310,173981,263,74.8,0.443,1073.0,CLOSED,1160.0,2026-04-13,8.11,5
2026-04-08,000040,83772,655,67.0,0.787,408.0,CLOSED,430.0,2026-04-13,5.39,5
2026-04-08,051160,117970,4,65.9,0.759,7880.0,CLOSED,7670.0,2026-04-13,-2.66,5
2026-04-08,171120,59175,9292,64.3,0.654,2055.0,CLOSED,2085.0,2026-04-13,1.46,5
2026-04-08,200230,255277,0,77.8,0.469,817.0,CLOSED,618.0,2026-04-09,-24.36,1
2026-04-08,069540,806327,73548,76.8,0.53,3165.0,CLOSED,4920.0,2026-04-13,55.45,5
2026-04-08,052600,51742,1,69.7,0.354,3665.0,CLOSED,3805.0,2026-04-13,3.82,5
2026-04-08,900260,114960,0,63.6,0.699,1634.0,CLOSED,1650.0,2026-04-13,0.98,5
2026-04-08,035620,179899,-123836,79.4,0.25,245.0,CLOSED,243.0,2026-04-13,-0.82,5
2026-04-09,012330,203391,-203654,65.9,0.525,400000.0,CLOSED,391500.0,2026-04-14,-2.12,5
2026-04-09,032830,118000,-35656,72.3,0.773,230500.0,CLOSED,235000.0,2026-04-14,1.95,5
2026-04-09,034730,113790,-5972,67.6,0.627,338500.0,CLOSED,349500.0,2026-04-14,3.25,5
2026-04-09,323410,338198,-159815,78.2,0.792,24800.0,CLOSED,24950.0,2026-04-14,0.6,5
2026-04-09,003550,248527,-138721,67.3,0.65,89900.0,CLOSED,91000.0,2026-04-14,1.22,5
2026-04-09,003490,694111,-1590908,72.5,0.738,24300.0,CLOSED,23950.0,2026-04-14,-1.44,5
2026-04-09,006260,70748,22152,64.0,0.508,280500.0,CLOSED,293500.0,2026-04-14,4.63,5
2026-04-09,271560,118248,-90739,63.6,0.423,129700.0,CLOSED,131400.0,2026-04-14,1.31,5
2026-04-09,052690,162595,25433,73.2,0.615,170500.0,CLOSED,167200.0,2026-04-14,-1.94,5
2026-04-09,082740,224888,-15303,71.7,0.407,45500.0,CLOSED,46100.0,2026-04-14,1.32,5
2026-04-09,001440,1386745,359349,80.5,0.771,30500.0,CLOSED,32000.0,2026-04-14,4.92,5
2026-04-09,071970,79545,83792,65.6,0.66,78400.0,CLOSED,84600.0,2026-04-14,7.91,5
2026-04-09,282330,71570,-46714,64.1,0.471,134400.0,CLOSED,127300.0,2026-04-14,-5.28,5
2026-04-09,204320,327816,-382737,65.9,0.767,50100.0,CLOSED,49700.0,2026-04-14,-0.8,5
2026-04-09,00680K,91488,117692,81.93200000000002,0.778,19920.0,CLOSED,19700.0,2026-04-14,-1.1,5
2026-04-09,229640,205297,21353,67.5,0.463,43650.0,CLOSED,43600.0,2026-04-14,-0.11,5
2026-04-09,004000,98405,-30170,65.4,0.634,51700.0,CLOSED,50700.0,2026-04-14,-1.93,5
2026-04-09,075580,101797,26079,67.5,0.572,17710.0,CLOSED,17350.0,2026-04-14,-2.03,5
2026-04-09,900140,417905,-401,76.5,0.445,1603.0,CLOSED,1614.0,2026-04-14,0.69,5
2026-04-09,027410,102764,89034,77.0,0.703,5130.0,CLOSED,4885.0,2026-04-14,-4.78,5
2026-04-09,009160,136624,15867,66.6,0.581,5260.0,CLOSED,5450.0,2026-04-14,3.61,5
2026-04-09,002310,84482,56989,71.4,0.78,8960.0,CLOSED,9180.0,2026-04-14,2.46,5
2026-04-09,001390,281064,18441,74.2,0.621,5470.0,CLOSED,5660.0,2026-04-14,3.47,5
2026-04-09,001340,60411,-8107,70.8,0.78,6700.0,CLOSED,6750.0,2026-04-14,0.75,5
2026-04-09,004430,94557,-49984,61.7,0.484,9090.0,CLOSED,9630.0,2026-04-14,5.94,5
2026-04-09,083420,55968,-1202,68.0,0.311,5780.0,CLOSED,5960.0,2026-04-14,3.11,5
2026-04-09,025820,99620,-598,68.3,0.792,5060.0,CLOSED,5380.0,2026-04-14,6.32,5
2026-04-09,010580,234772,3631,75.5,0.384,2065.0,CLOSED,2040.0,2026-04-14,-1.21,5
2026-04-09,004140,331449,5797,76.6,0.495,2710.0,CLOSED,3005.0,2026-04-14,10.89,5
2026-04-09,012610,63711,-1174,67.7,0.67,4005.0,CLOSED,4200.0,2026-04-14,4.87,5
2026-04-09,014790,108369,5782,64.9,0.693,3430.0,CLOSED,3430.0,2026-04-14,0.0,5
2026-04-09,009200,106931,-566,76.4,0.346,2015.0,CLOSED,2095.0,2026-04-14,3.97,5
2026-04-09,010960,63188,2261,62.7,0.515,3900.0,CLOSED,3945.0,2026-04-14,1.15,5
2026-04-09,001210,81253,-312,78.0,0.529,803.0,CLOSED,910.0,2026-04-14,13.33,5
2026-04-09,031820,205585,-12765,76.9,0.723,714.0,CLOSED,753.0,2026-04-14,5.46,5
2026-04-09,007980,156251,14838,66.8,0.778,1826.0,CLOSED,1912.0,2026-04-14,4.71,5
2026-04-09,072130,73559,-13647,77.0,0.366,5400.0,CLOSED,6220.0,2026-04-14,15.19,5
2026-04-09,025750,75983,167822,68.3,0.0,539.0,CLOSED,539.0,2026-04-14,0.0,5
2026-04-09,090080,59633,-523,65.6,0.644,947.0,CLOSED,1021.0,2026-04-14,7.81,5
2026-04-09,001620,212969,-3898,78.4,0.646,629.0,CLOSED,652.0,2026-04-14,3.66,5
2026-04-09,002360,615624,-1473,81.93200000000002,0.5,409.0,CLOSED,453.0,2026-04-14,10.76,5
2026-04-09,002070,205763,-60,78.0,0.315,375.0,CLOSED,355.0,2026-04-14,-5.33,5
2026-04-09,025890,56673,-104,62.6,0.245,1958.0,CLOSED,1980.0,2026-04-14,1.12,5
2026-04-09,196170,62386,231300,72.2,0.582,366000.0,CLOSED,353500.0,2026-04-14,-3.42,5
2026-04-09,028300,564457,210101,76.4,0.785,55700.0,CLOSED,58300.0,2026-04-14,4.67,5
2026-04-09,033500,57501,-101555,63.5,0.496,25200.0,CLOSED,26250.0,2026-04-14,4.17,5
2026-04-09,082920,369466,231257,75.3,0.581,41500.0,CLOSED,43650.0,2026-04-14,5.18,5
2026-04-09,009520,73414,-14200,66.2,0.542,18090.0,CLOSED,17800.0,2026-04-14,-1.6,5
2026-04-09,080220,237619,116891,76.9,0.638,41250.0,CLOSED,41400.0,2026-04-14,0.36,5
2026-04-09,059090,71110,18673,63.9,0.559,14070.0,CLOSED,14530.0,2026-04-14,3.27,5
2026-04-09,100790,125395,-59835,77.1,0.486,28550.0,CLOSED,29950.0,2026-04-14,4.9,5
2026-04-09,115450,198910,-1496,73.7,0.556,3125.0,CLOSED,3620.0,2026-04-14,15.84,5
2026-04-09,298830,89441,-9575,78.0,0.595,7050.0,CLOSED,6880.0,2026-04-14,-2.41,5
2026-04-09,064820,66801,15809,62.7,0.628,10720.0,CLOSED,10680.0,2026-04-14,-0.37,5
2026-04-09,005160,75553,6358,66.8,0.616,3265.0,CLOSED,3270.0,2026-04-14,0.15,5
2026-04-09,267320,119073,927,73.9,0.721,2995.0,CLOSED,2995.0,2026-04-14,0.0,5
2026-04-09,322310,110193,-33829,71.8,0.787,32500.0,CLOSED,32600.0,2026-04-14,0.31,5
2026-04-09,203650,125771,0,76.1,0.738,1624.0,CLOSED,1992.0,2026-04-14,22.66,5
2026-04-09,297890,72901,1906,65.6,0.717,1955.0,CLOSED,2035.0,2026-04-14,4.09,5
2026-04-09,078150,1216280,20037,80.9,0.566,2220.0,CLOSED,2445.0,2026-04-14,10.14,5
2026-04-09,104480,232973,-1858,70.5,0.303,2245.0,CLOSED,2510.0,2026-04-14,11.8,5
2026-04-09,068790,85368,-42,67.1,0.595,7660.0,CLOSED,7940.0,2026-04-14,3.66,5
2026-04-09,332570,216276,-538001,72.1,0.799,5070.0,CLOSED,6670.0,2026-04-14,31.56,5
2026-04-09,419050,60848,0,65.7,0.767,1563.0,CLOSED,1584.0,2026-04-14,1.34,5
2026-04-09,451760,67189,7147,74.6,0.544,18780.0,CLOSED,21750.0,2026-04-14,15.81,5
2026-04-09,333430,90370,0,70.7,0.578,5440.0,CLOSED,5430.0,2026-04-14,-0.18,5
2026-04-09,147830,109389,0,69.8,0.622,7450.0,CLOSED,7660.0,2026-04-14,2.82,5
2026-04-09,039560,534632,-21812,72.6,0.654,4990.0,CLOSED,5650.0,2026-04-14,13.23,5
2026-04-09,382800,334002,-63732,73.6,0.62,6010.0,CLOSED,7580.0,2026-04-14,26.12,5
2026-04-09,073560,78312,0,62.8,0.542,1614.0,CLOSED,1669.0,2026-04-14,3.41,5
2026-04-09,033230,128529,0,71.8,0.744,1632.0,CLOSED,1741.0,2026-04-14,6.68,5
2026-04-09,060560,64853,3919,75.8,0.386,850.0,CLOSED,822.0,2026-04-14,-3.29,5
2026-04-09,396270,226924,-13661,77.7,0.601,3920.0,CLOSED,4730.0,2026-04-14,20.66,5
2026-04-09,074430,52016,0,71.2,0.445,1434.0,CLOSED,1400.0,2026-04-14,-2.37,5
2026-04-09,011370,136339,1,70.0,0.644,1028.0,CLOSED,1026.0,2026-04-14,-0.19,5
2026-04-09,250060,52789,0,74.2,0.5,4500.0,CLOSED,4785.0,2026-04-14,6.33,5
2026-04-09,403490,217701,0,63.6,0.633,1268.0,CLOSED,1276.0,2026-04-14,0.63,5
2026-04-09,128660,167688,-140662,76.5,0.766,3445.0,CLOSED,3975.0,2026-04-14,15.38,5
2026-04-09,042110,154896,0,65.4,0.625,1471.0,CLOSED,1517.0,2026-04-14,3.13,5
2026-04-09,019540,178630,-1265,76.6,0.479,6630.0,CLOSED,6790.0,2026-04-14,2.41,5
2026-04-09,089150,120030,-1,73.9,0.41,3740.0,CLOSED,3860.0,2026-04-14,3.21,5
2026-04-09,052900,109755,-619,65.7,0.632,1110.0,CLOSED,1156.0,2026-04-14,4.14,5
2026-04-09,900310,60072,8,64.3,0.429,493.0,CLOSED,496.0,2026-04-14,0.61,5
2026-04-09,126640,105181,-38663,69.4,0.617,1504.0,CLOSED,1525.0,2026-04-14,1.4,5
2026-04-09,072770,51284,0,65.8,0.561,803.0,CLOSED,820.0,2026-04-14,2.12,5
2026-04-09,032680,156538,0,77.7,0.31,238.0,CLOSED,240.0,2026-04-14,0.84,5
2026-04-09,067730,68322,0,64.2,0.65,2715.0,CLOSED,2765.0,2026-04-14,1.84,5
2026-04-09,070300,60714,0,68.7,0.663,1902.0,CLOSED,2455.0,2026-04-14,29.07,5
2026-04-10,005935,1259431,351828,68.7,0.726,139900.0,CLOSED,211500.0,2026-07-06,51.18,87
2026-04-10,373220,156619,156767,79.8,0.449,413500.0,CLOSED,351000.0,2026-07-06,-15.11,87
2026-04-10,000810,53230,-43181,62.3,0.438,469500.0,CLOSED,666000.0,2026-07-06,41.85,87
2026-04-10,024110,254834,-681152,67.3,0.385,22350.0,CLOSED,21250.0,2026-07-06,-4.92,87
2026-04-10,006800,248592,970058,64.3,0.765,66500.0,CLOSED,44050.0,2026-07-06,-33.76,87
2026-04-10,086280,97701,-199224,62.8,0.603,218500.0,CLOSED,194900.0,2026-07-06,-10.8,87
2026-04-10,036460,111709,59691,65.8,0.671,36600.0,CLOSED,33150.0,2026-07-06,-9.43,87
2026-04-10,018880,1711606,912804,65.7,0.793,3915.0,CLOSED,3750.0,2026-07-06,-4.21,87
2026-04-10,294870,180641,-190044,65.8,0.722,22750.0,CLOSED,19300.0,2026-07-06,-15.16,87
2026-04-10,011210,87040,-126146,63.0,0.765,78800.0,CLOSED,64500.0,2026-07-06,-18.15,87
2026-04-10,007070,52781,53971,68.0,0.644,22150.0,CLOSED,24850.0,2026-07-06,12.19,87
2026-04-10,003470,66505,-64327,72.5,0.527,4865.0,CLOSED,4690.0,2026-07-06,-3.6,87
2026-04-10,000370,151631,-58760,74.2,0.644,6590.0,CLOSED,5870.0,2026-07-06,-10.93,87
2026-04-10,016380,110079,-179048,64.6,0.686,5660.0,CLOSED,5240.0,2026-07-06,-7.42,87
2026-04-10,025860,298644,-29351,73.5,0.69,7940.0,CLOSED,5660.0,2026-07-06,-28.72,87
2026-04-10,001200,323462,48671,79.7,0.674,4895.0,CLOSED,4540.0,2026-07-06,-7.25,87
2026-04-10,334890,70152,104475,66.7,0.75,4270.0,CLOSED,3485.0,2026-07-06,-18.38,87
2026-04-10,452260,612027,-40037,80.8,0.593,2465.0,CLOSED,2065.0,2026-07-06,-16.23,87
2026-04-10,128820,215971,-484,74.3,0.535,7040.0,CLOSED,4260.0,2026-07-06,-39.49,87
2026-04-10,003610,128592,-40524,65.0,0.333,5210.0,CLOSED,5390.0,2026-07-06,3.45,87
2026-04-10,009070,93873,-1781,72.1,0.589,6240.0,CLOSED,4030.0,2026-07-06,-35.42,87
2026-04-10,317400,87665,4616,65.8,0.594,4460.0,CLOSED,4650.0,2026-07-06,4.26,87
2026-04-10,002200,160667,-9635,74.0,0.174,2825.0,CLOSED,2270.0,2026-07-06,-19.65,87
2026-04-10,004960,113666,4341,71.9,0.45,16630.0,CLOSED,11540.0,2026-07-06,-30.61,87
2026-04-10,007280,75701,-1622,66.7,0.35,1516.0,CLOSED,2030.0,2026-07-06,33.91,87
2026-04-10,047400,238028,-645,78.7,0.485,1642.0,CLOSED,1023.0,2026-07-06,-37.7,87
2026-04-10,018290,82343,51735,66.4,0.794,15650.0,CLOSED,11860.0,2026-07-06,-24.22,87
2026-04-10,328130,104271,-54128,62.7,0.689,37100.0,CLOSED,11130.0,2026-07-06,-70.0,87
2026-04-10,078600,122647,-40104,73.5,0.651,123800.0,CLOSED,84900.0,2026-07-06,-31.42,87
2026-04-10,140410,68755,-2621,67.8,0.464,87100.0,CLOSED,58100.0,2026-07-06,-33.3,87
2026-04-10,078130,308081,58002,76.7,0.508,322.0,CLOSED,3885.0,2026-07-06,1106.52,87
2026-04-10,006730,496692,-575111,74.0,0.462,13770.0,CLOSED,10400.0,2026-07-06,-24.47,87
2026-04-10,047920,54890,-335,64.2,0.647,17420.0,CLOSED,12020.0,2026-07-06,-31.0,87
2026-04-10,101160,56179,-109550,62.6,0.735,29900.0,CLOSED,28700.0,2026-07-06,-4.01,87
2026-04-10,136480,213604,22,79.5,0.737,3185.0,CLOSED,2730.0,2026-07-06,-14.29,87
2026-04-10,104830,55670,-11771,63.3,0.737,42250.0,CLOSED,37350.0,2026-07-06,-11.6,87
2026-04-10,151860,51151,-1023,65.0,0.6,6440.0,CLOSED,5730.0,2026-07-06,-11.02,87
2026-04-10,089970,223809,-204327,75.7,0.698,46000.0,CLOSED,96600.0,2026-07-06,110.0,87
2026-04-10,234030,50783,2001,64.8,0.506,6820.0,CLOSED,3445.0,2026-07-06,-49.49,87
2026-04-10,035810,62315,120085,74.8,0.697,5850.0,CLOSED,4260.0,2026-07-06,-27.18,87
2026-04-10,125020,93590,48014,73.3,0.673,5220.0,CLOSED,5140.0,2026-07-06,-1.53,87
2026-04-10,131370,160423,-20090,73.7,0.602,2585.0,CLOSED,1428.0,2026-07-06,-44.76,87
2026-04-10,054920,134344,5,73.9,0.528,5000.0,CLOSED,3105.0,2026-07-06,-37.9,87
2026-04-10,013310,68729,11,67.4,0.543,3155.0,CLOSED,2670.0,2026-07-06,-15.37,87
2026-04-10,019010,66009,4811,64.6,0.48,5160.0,CLOSED,5230.0,2026-07-06,1.36,87
2026-04-10,017510,141463,8469,69.4,0.563,9360.0,CLOSED,7600.0,2026-07-06,-18.8,87
2026-04-10,033320,76550,0,75.3,0.443,5020.0,CLOSED,2830.0,2026-07-06,-43.63,87
2026-04-10,065500,109845,0,60.9,0.487,2115.0,CLOSED,1200.0,2026-07-06,-43.26,87
2026-04-10,166480,58654,0,72.4,0.702,2460.0,CLOSED,2095.0,2026-07-06,-14.84,87
2026-04-10,476080,50632,267,63.3,0.314,6480.0,CLOSED,3895.0,2026-07-06,-39.89,87
2026-04-10,307870,89132,0,62.9,0.498,1230.0,CLOSED,1079.0,2026-07-06,-12.28,87
2026-04-10,043910,52441,0,62.4,0.6,481.0,CLOSED,3180.0,2026-07-06,561.12,87
2026-04-10,101330,52924,0,66.1,0.731,4650.0,CLOSED,3365.0,2026-07-06,-27.63,87
2026-04-10,068050,58259,2314,64.0,0.627,1595.0,CLOSED,1199.0,2026-07-06,-24.83,87
2026-04-10,336060,171593,-7311,67.6,0.761,1015.0,CLOSED,587.0,2026-07-06,-42.17,87
2026-04-10,377220,87834,1,74.9,0.268,1291.0,CLOSED,618.0,2026-07-06,-52.13,87
2026-04-10,179530,102144,364,74.4,0.565,2910.0,CLOSED,2020.0,2026-07-06,-30.58,87
2026-04-10,020180,96348,0,60.1,0.596,1052.0,CLOSED,929.0,2026-07-06,-11.69,87
2026-04-10,317240,137006,0,74.3,0.689,325.0,CLOSED,769.0,2026-07-06,136.62,87
2026-04-13,012450,128770,5736,69.0,0.674,1530000.0,CLOSED,1146000.0,2026-07-06,-25.1,84
2026-04-13,064350,651087,-55762,78.2,0.468,207000.0,CLOSED,196000.0,2026-07-06,-5.31,84
2026-04-13,003670,79527,-63487,70.0,0.58,214500.0,CLOSED,157800.0,2026-07-06,-26.43,84
2026-04-13,010620,189955,-112800,68.3,0.0,223000.0,CLOSED,223000.0,2026-07-06,0.0,84
2026-04-13,007660,115797,236548,78.4,0.636,119700.0,CLOSED,101600.0,2026-07-06,-15.12,84
2026-04-13,001450,91273,-412037,66.9,0.793,29850.0,CLOSED,36700.0,2026-07-06,22.95,84
2026-04-13,012630,158343,-130597,68.4,0.58,27800.0,CLOSED,21000.0,2026-07-06,-24.46,84
2026-04-13,365550,141852,207188,76.4,0.788,4690.0,CLOSED,3317.0,2026-07-06,-29.28,84
2026-04-13,008060,89122,-28083,66.5,0.561,13760.0,CLOSED,15220.0,2026-07-06,10.61,84
2026-04-13,001790,59433,41988,74.2,0.455,3005.0,CLOSED,2400.0,2026-07-06,-20.13,84
2026-04-13,009580,188016,-39296,76.1,0.371,2800.0,CLOSED,1634.0,2026-07-06,-41.64,84
2026-04-13,006740,108184,-119,68.7,0.443,557.0,CLOSED,899.0,2026-07-06,61.4,84
2026-04-13,033250,50268,-273,66.5,0.704,999.0,CLOSED,3425.0,2026-07-06,242.84,84
2026-04-13,178320,128752,-331059,76.4,0.572,47700.0,CLOSED,46750.0,2026-07-06,-1.99,84
2026-04-13,041190,50765,-143636,68.4,0.716,6290.0,CLOSED,4740.0,2026-07-06,-24.64,84
2026-04-13,036540,119688,-132367,75.6,0.772,6870.0,CLOSED,5230.0,2026-07-06,-23.87,84
2026-04-13,023410,116840,-93416,64.5,0.702,4030.0,CLOSED,3830.0,2026-07-06,-4.96,84
2026-04-13,124560,86471,4,70.7,0.642,2775.0,CLOSED,1891.0,2026-07-06,-31.86,84
2026-04-13,027050,65285,-541,65.0,0.619,1837.0,CLOSED,1394.0,2026-07-06,-24.12,84
2026-04-13,234100,164385,0,73.7,0.42,1031.0,CLOSED,2530.0,2026-07-06,145.39,84
2026-04-13,306620,152540,-14648,75.3,0.65,3300.0,CLOSED,2240.0,2026-07-06,-32.12,84
2026-04-13,300120,50784,-62547,73.4,0.343,1015.0,CLOSED,490.0,2026-07-06,-51.72,84
2026-04-13,451220,62953,3,67.9,0.435,12740.0,CLOSED,10260.0,2026-07-06,-19.47,84
2026-04-13,037950,195155,0,60.4,0.571,721.0,CLOSED,3135.0,2026-07-06,334.81,84
2026-04-13,015710,50288,0,66.0,0.739,4010.0,CLOSED,2775.0,2026-07-06,-30.8,84
2026-04-13,058110,146411,-1942,74.3,0.356,3190.0,CLOSED,1893.0,2026-07-06,-40.66,84
2026-04-13,198940,122130,0,73.9,0.369,724.0,CLOSED,1516.0,2026-07-06,109.39,84
2026-07-06,241560,72960,53479,70.1,0.695,64300.0,CLOSED,61600.0,2026-07-13,-4.2,7
2026-07-06,020560,91937,264510,76.4,0.578,7650.0,CLOSED,7010.0,2026-07-13,-8.37,7
2026-07-06,079160,145189,-108102,66.2,0.589,4520.0,CLOSED,4390.0,2026-07-13,-2.88,7
2026-07-06,122900,60295,-428,66.6,0.413,7220.0,CLOSED,7310.0,2026-07-13,1.25,7
2026-07-06,003580,63285,-5392,65.5,0.655,1588.0,CLOSED,1177.0,2026-07-10,-25.88,4
2026-07-06,058850,56992,75,67.0,0.595,2260.0,CLOSED,2220.0,2026-07-13,-1.77,7
2026-07-06,000220,50808,-122,65.5,0.486,3790.0,CLOSED,3610.0,2026-07-13,-4.75,7
2026-07-06,009320,77406,481,69.0,0.706,925.0,CLOSED,969.0,2026-07-13,4.76,7
2026-07-06,230360,212881,-55013,60.7,0.0,16000.0,CLOSED,16000.0,2026-07-13,0.0,7
2026-07-06,035600,94453,-20732,60.6,0.793,9480.0,CLOSED,9340.0,2026-07-13,-1.48,7
2026-07-06,950190,91481,1467,64.4,0.765,9390.0,CLOSED,9300.0,2026-07-13,-0.96,7
2026-07-06,083790,84469,-242,61.4,0.519,952.0,CLOSED,855.0,2026-07-13,-10.19,7
2026-07-06,131030,65023,32,62.7,0.362,5980.0,CLOSED,5630.0,2026-07-13,-5.85,7
2026-07-06,126880,57211,43,63.8,0.784,3015.0,CLOSED,2795.0,2026-07-09,-7.3,3
2026-07-06,478560,56770,-61156,61.4,0.61,2685.0,CLOSED,2425.0,2026-07-13,-9.68,7
2026-07-06,007720,106513,487,64.9,0.0,299.0,CLOSED,299.0,2026-07-13,0.0,7
2026-07-06,094840,69433,21249,66.2,0.796,12060.0,CLOSED,12340.0,2026-07-13,2.32,7
2026-07-06,053980,67776,0,63.6,0.564,2595.0,CLOSED,2505.0,2026-07-13,-3.47,7
2026-07-07,323410,479590,320877,81.2,0.76,22500.0,CLOSED,23200.0,2026-07-13,3.11,6
2026-07-07,010620,189955,-112800,68.3,0.0,223000.0,CLOSED,223000.0,2026-07-13,0.0,6
2026-07-07,003690,127298,1659,72.8,0.745,13550.0,CLOSED,14100.0,2026-07-13,4.06,6
2026-07-07,000080,93204,17177,65.9,0.794,15230.0,CLOSED,14980.0,2026-07-13,-1.64,6
2026-07-07,293940,92271,-37995,72.0,0.377,5200.0,CLOSED,5200.0,2026-07-13,0.0,6
2026-07-07,126560,50785,25154,63.8,0.788,2970.0,CLOSED,2920.0,2026-07-13,-1.68,6
2026-07-07,006490,346574,192,74.6,0.0,310.0,CLOSED,310.0,2026-07-13,0.0,6
2026-07-07,950170,230256,-13809,65.4,0.731,4880.0,CLOSED,4850.0,2026-07-13,-0.61,6
2026-07-07,307870,144274,-1173,75.8,0.593,1056.0,CLOSED,960.0,2026-07-08,-9.09,1
2026-07-07,042500,115368,-717,66.5,0.722,4120.0,CLOSED,4000.0,2026-07-13,-2.91,6
2026-07-08,012510,71102,-49528,60.3,0.0,120000.0,CLOSED,120000.0,2026-07-13,0.0,5
2026-07-08,123890,115782,28143,76.0,0.768,2265.0,CLOSED,2265.0,2026-07-13,0.0,5
2026-07-08,009180,52189,227,62.5,0.585,2680.0,CLOSED,2710.0,2026-07-13,1.12,5
2026-07-08,012280,57500,232504,75.8,0.606,858.0,CLOSED,814.0,2026-07-13,-5.13,5
2026-07-08,204620,725822,-251623,80.6,0.789,4985.0,CLOSED,4805.0,2026-07-13,-3.61,5
2026-07-08,277410,96157,0,64.0,0.0,800.0,CLOSED,6030.0,2026-07-13,653.75,5
2026-07-09,032640,83887,724376,80.9,0.422,14940.0,CLOSED,14350.0,2026-07-14,-3.95,5
2026-07-09,082640,84987,-48772,65.9,0.728,7630.0,CLOSED,7650.0,2026-07-14,0.26,5
2026-07-09,000480,63891,4766,63.9,0.755,4875.0,CLOSED,4885.0,2026-07-14,0.21,5
2026-07-09,350520,73873,16196,65.6,0.714,3320.0,CLOSED,3345.0,2026-07-14,0.75,5
2026-07-09,016090,95774,4363,64.1,0.61,1475.0,CLOSED,1469.0,2026-07-14,-0.41,5
2026-07-09,028300,80665,177160,73.6,0.63,52700.0,CLOSED,36600.0,2026-07-10,-30.55,1
2026-07-09,136480,98374,1383,69.5,0.6,2720.0,CLOSED,2740.0,2026-07-14,0.74,5
2026-07-09,171120,69700,4100,65.2,0.729,2020.0,CLOSED,2035.0,2026-07-14,0.74,5
2026-07-09,063440,84418,1378,66.3,0.781,1109.0,CLOSED,1080.0,2026-07-14,-2.61,5
2026-07-10,024110,487356,121842,80.83600000000001,0.425,21350.0,CLOSED,21250.0,2026-07-15,-0.47,5
2026-07-10,183190,50741,9050,62.0,0.482,9420.0,CLOSED,9220.0,2026-07-15,-2.12,5
2026-07-10,018250,50253,-167,63.1,0.563,11240.0,CLOSED,11360.0,2026-07-15,1.07,5
2026-07-10,026890,84783,-1357,65.6,0.687,7590.0,CLOSED,8470.0,2026-07-15,11.59,5
2026-07-10,334890,51803,52584,67.2,0.643,3430.0,CLOSED,3435.0,2026-07-15,0.15,5
2026-07-10,009270,272431,-12901,78.8,0.654,1073.0,CLOSED,1042.0,2026-07-15,-2.89,5
2026-07-10,015890,68596,-638,62.3,0.636,4665.0,CLOSED,4645.0,2026-07-15,-0.43,5
2026-07-10,400760,75154,-6681,66.8,0.49,2955.0,CLOSED,2965.0,2026-07-15,0.34,5
2026-07-10,008260,57229,489,63.3,0.496,3150.0,CLOSED,3050.0,2026-07-15,-3.17,5
2026-07-10,013520,62722,799,64.6,0.648,2585.0,CLOSED,2560.0,2026-07-15,-0.97,5
2026-07-10,340570,54459,-33587,61.2,0.762,53100.0,CLOSED,52500.0,2026-07-15,-1.13,5
2026-07-10,067990,110512,-15646,63.8,0.669,4075.0,CLOSED,4000.0,2026-07-15,-1.84,5
2026-07-10,027710,77946,-1721,75.3,0.444,1044.0,CLOSED,1076.0,2026-07-15,3.07,5
2026-07-10,073560,89101,212,66.5,0.47,1539.0,CLOSED,1537.0,2026-07-15,-0.13,5
2026-07-10,226330,68512,-8732,64.4,0.604,1872.0,CLOSED,1663.0,2026-07-13,-11.16,3
2026-07-10,137950,60703,38,64.5,0.331,2785.0,CLOSED,2905.0,2026-07-15,4.31,5
2026-07-10,033310,94405,20293,66.6,0.558,1349.0,CLOSED,1313.0,2026-07-15,-2.67,5
2026-07-10,189690,71712,0,62.3,0.56,1690.0,CLOSED,1622.0,2026-07-15,-4.02,5
2026-07-10,129890,117771,2199,74.7,0.413,909.0,CLOSED,940.0,2026-07-15,3.41,5
2026-07-13,316140,845264,146533,80.9,0.718,31350.0,CLOSED,30350.0,2026-07-20,-3.19,7
2026-07-13,088980,888316,-473103,74.7,0.519,10110.0,CLOSED,10020.0,2026-07-20,-0.89,7
2026-07-13,002790,52669,54402,65.8,0.673,24150.0,CLOSED,24050.0,2026-07-20,-0.41,7
2026-07-13,028670,442993,1296010,81.237,0.722,5280.0,CLOSED,5020.0,2026-07-20,-4.92,7
2026-07-13,395400,53630,47394,72.6,0.785,5680.0,CLOSED,5640.0,2026-07-20,-0.7,7
2026-07-13,012630,61650,18399,62.9,0.604,20150.0,CLOSED,20050.0,2026-07-20,-0.5,7
2026-07-13,002350,58591,32010,65.8,0.574,6970.0,CLOSED,6740.0,2026-07-20,-3.3,7
2026-07-13,000400,178214,62800,72.7,0.458,2290.0,CLOSED,2425.0,2026-07-20,5.9,7
2026-07-13,027410,69915,3970,66.1,0.348,3960.0,CLOSED,3905.0,2026-07-20,-1.39,7
2026-07-13,014580,76923,-24804,63.1,0.622,3945.0,CLOSED,3945.0,2026-07-20,0.0,7
2026-07-13,011150,54999,186,63.7,0.447,2015.0,CLOSED,2005.0,2026-07-20,-0.5,7
2026-07-13,090080,72154,251,61.7,0.531,842.0,CLOSED,853.0,2026-07-20,1.31,7
2026-07-13,003380,58780,465853,81.2,0.597,10320.0,CLOSED,9620.0,2026-07-20,-6.78,7
2026-07-13,127120,54205,-18088,66.5,0.656,37100.0,CLOSED,31850.0,2026-07-20,-14.15,7
2026-07-13,121440,339979,589995,81.237,0.032,6660.0,CLOSED,6650.0,2026-07-20,-0.15,7
2026-07-13,059210,69775,3699,63.7,0.722,3800.0,CLOSED,3900.0,2026-07-20,2.63,7
2026-07-13,067900,86238,-9904,66.4,0.496,6160.0,CLOSED,5950.0,2026-07-20,-3.41,7
2026-07-13,189980,64961,0,62.6,0.442,1120.0,CLOSED,1126.0,2026-07-20,0.54,7
2026-07-14,011200,427382,1347996,80.5,0.559,19870.0,CLOSED,19990.0,2026-07-20,0.6,6
2026-07-14,323410,1182022,23991,78.7,0.746,23350.0,CLOSED,22300.0,2026-07-20,-4.5,6
2026-07-14,010620,189955,-112800,68.3,0.0,223000.0,CLOSED,223000.0,2026-07-20,0.0,6
2026-07-14,036460,118535,26594,65.7,0.423,32650.0,CLOSED,31800.0,2026-07-20,-2.6,6
2026-07-14,012510,71102,-49528,60.2,0.0,120000.0,CLOSED,120000.0,2026-07-20,0.0,6
2026-07-14,293940,151959,-82708,68.5,0.395,5150.0,CLOSED,5160.0,2026-07-20,0.19,6
2026-07-14,123890,65949,98511,69.9,0.472,2210.0,CLOSED,2220.0,2026-07-20,0.45,6
2026-07-14,122900,60539,365,64.4,0.457,7300.0,CLOSED,7310.0,2026-07-20,0.14,6
2026-07-14,006490,346574,192,71.4,0.0,310.0,CLOSED,1058.0,2026-07-20,241.29,6
2026-07-14,058850,101168,593,65.9,0.345,2245.0,CLOSED,2225.0,2026-07-20,-0.89,6
2026-07-14,012280,97889,252994,78.8,0.456,810.0,CLOSED,807.0,2026-07-20,-0.37,6
2026-07-14,101160,79178,-672,67.2,0.706,28750.0,CLOSED,29500.0,2026-07-20,2.61,6
2026-07-14,230360,212881,-55013,60.7,0.0,16000.0,CLOSED,16000.0,2026-07-20,0.0,6
2026-07-14,950170,204205,-4593,65.1,0.542,4850.0,CLOSED,4820.0,2026-07-20,-0.62,6
2026-07-14,035600,65342,-5428,62.7,0.459,9410.0,CLOSED,9300.0,2026-07-20,-1.17,6
2026-07-14,032850,51042,0,64.1,0.672,3915.0,CLOSED,3875.0,2026-07-20,-1.02,6
2026-07-14,094840,56303,14539,65.8,0.581,12500.0,CLOSED,12560.0,2026-07-20,0.48,6
2026-07-15,068270,82401,563304,81.64799999999995,0.708,175700.0,CLOSED,171900.0,2026-07-20,-2.16,5
2026-07-15,035720,726242,498408,78.9,0.396,34900.0,CLOSED,34500.0,2026-07-20,-1.15,5
2026-07-15,018260,84114,86757,73.1,0.619,199300.0,CLOSED,185100.0,2026-07-20,-7.12,5
2026-07-15,377300,80247,78342,70.5,0.5,40550.0,CLOSED,39250.0,2026-07-20,-3.21,5
2026-07-15,090430,254089,-2948,76.7,0.595,120800.0,CLOSED,116600.0,2026-07-20,-3.48,5
2026-07-15,138930,329385,100615,81.1,0.622,18220.0,CLOSED,17540.0,2026-07-20,-3.73,5
2026-07-15,082640,96396,16104,64.9,0.691,7670.0,CLOSED,7580.0,2026-07-20,-1.17,5
2026-07-15,005070,120074,6181,66.8,0.58,39500.0,CLOSED,35700.0,2026-07-20,-9.62,5
2026-07-15,330590,101283,-108352,67.5,0.649,3450.0,CLOSED,3500.0,2026-07-20,1.45,5
2026-07-15,000210,87498,-10372,63.3,0.562,47050.0,CLOSED,44350.0,2026-07-20,-5.74,5
2026-07-15,003470,120679,29514,68.7,0.633,4535.0,CLOSED,4355.0,2026-07-20,-3.97,5
2026-07-15,003620,118960,-306282,69.1,0.587,2830.0,CLOSED,2720.0,2026-07-20,-3.89,5
2026-07-15,377740,87799,5986,64.9,0.557,4675.0,CLOSED,4515.0,2026-07-20,-3.42,5
2026-07-15,006220,85368,-5405,75.4,0.46,9960.0,CLOSED,9040.0,2026-07-20,-9.24,5
2026-07-15,900140,224061,-926,78.3,0.686,1272.0,CLOSED,1207.0,2026-07-20,-5.11,5
2026-07-15,002310,53649,41718,66.8,0.491,7650.0,CLOSED,7330.0,2026-07-20,-4.18,5
2026-07-15,006060,66225,-14929,63.0,0.5,2375.0,CLOSED,2405.0,2026-07-20,1.26,5
2026-07-15,000480,59377,4331,64.5,0.363,4880.0,CLOSED,4865.0,2026-07-20,-0.31,5
2026-07-15,006340,701395,2370947,79.5,0.741,13400.0,CLOSED,12180.0,2026-07-16,-9.1,1
2026-07-15,008040,268221,-77606,71.0,0.747,830.0,CLOSED,808.0,2026-07-20,-2.65,5
2026-07-15,027970,65737,1134,68.7,0.483,541.0,CLOSED,529.0,2026-07-20,-2.22,5
2026-07-15,001520,243915,-304280,64.2,0.0,550.0,CLOSED,989.0,2026-07-20,79.82,5
2026-07-15,004140,118855,1083,70.3,0.491,1819.0,CLOSED,1784.0,2026-07-20,-1.92,5
2026-07-15,016090,69339,-3181,64.6,0.417,1477.0,CLOSED,1463.0,2026-07-20,-0.95,5
2026-07-15,000220,82421,86,65.9,0.667,3725.0,CLOSED,3585.0,2026-07-20,-3.76,5
2026-07-15,007980,55550,926,65.5,0.593,1718.0,CLOSED,1665.0,2026-07-20,-3.08,5
2026-07-15,004770,110695,2294,67.7,0.541,1730.0,CLOSED,1660.0,2026-07-20,-4.05,5
2026-07-15,004060,77490,-4100,66.0,0.482,2470.0,CLOSED,2320.0,2026-07-20,-6.07,5
2026-07-15,136480,195242,366,74.6,0.654,2715.0,CLOSED,2650.0,2026-07-20,-2.39,5
2026-07-15,307750,95877,0,66.4,0.632,2155.0,CLOSED,2075.0,2026-07-20,-3.71,5
2026-07-15,340450,70643,4505,63.7,0.685,4620.0,CLOSED,4740.0,2026-07-20,2.6,5
2026-07-15,201490,83466,4145,69.1,0.469,2030.0,CLOSED,1918.0,2026-07-20,-5.52,5
2026-07-15,013990,86454,-14,64.4,0.5,3670.0,CLOSED,3480.0,2026-07-20,-5.18,5
2026-07-15,300080,80375,7850,65.0,0.313,7230.0,CLOSED,6950.0,2026-07-20,-3.87,5
2026-07-15,104480,71259,400,69.8,0.709,1548.0,CLOSED,1466.0,2026-07-20,-5.3,5
2026-07-15,204610,97658,-15299,69.7,0.239,2985.0,CLOSED,2895.0,2026-07-20,-3.02,5
2026-07-15,065450,64772,-454,71.5,0.794,3125.0,CLOSED,3000.0,2026-07-20,-4.0,5
2026-07-15,171120,56855,-697,65.4,0.661,2055.0,CLOSED,2005.0,2026-07-20,-2.43,5
2026-07-15,039420,52451,-5726,65.6,0.761,2620.0,CLOSED,2630.0,2026-07-20,0.38,5
2026-07-15,024910,63615,129,62.4,0.433,1535.0,CLOSED,1464.0,2026-07-20,-4.63,5
2026-07-15,368600,55224,343,63.2,0.724,600.0,CLOSED,590.0,2026-07-20,-1.67,5
2026-07-15,058110,53870,0,61.6,0.455,1892.0,CLOSED,1759.0,2026-07-20,-7.03,5
2026-07-16,138040,53879,341251,75.4,0.606,115300.0,CLOSED,113700.0,2026-07-21,-1.39,5
2026-07-16,024110,668343,-50581,75.4,0.717,21400.0,CLOSED,20700.0,2026-07-21,-3.27,5
2026-07-16,000100,82304,-8032,70.3,0.459,69800.0,CLOSED,69900.0,2026-07-21,0.14,5
2026-07-16,278470,89691,-127916,67.8,0.599,387000.0,CLOSED,367500.0,2026-07-21,-5.04,5
2026-07-16,017800,79732,-95790,62.0,0.587,68700.0,CLOSED,67200.0,2026-07-21,-2.18,5
2026-07-16,009290,52636,-5698,64.9,0.608,6090.0,CLOSED,5900.0,2026-07-21,-3.12,5
2026-07-16,001230,243917,22231,72.6,0.492,1699.0,CLOSED,1620.0,2026-07-21,-4.65,5
2026-07-16,001360,188357,-79,73.8,0.725,1298.0,CLOSED,1296.0,2026-07-21,-0.15,5
2026-07-16,014160,121666,6727,77.9,0.44,695.0,CLOSED,683.0,2026-07-21,-1.73,5
2026-07-16,008260,70727,310,64.1,0.712,3045.0,CLOSED,3045.0,2026-07-21,0.0,5
2026-07-16,011420,77309,2800,66.0,0.34,1477.0,CLOSED,1373.0,2026-07-21,-7.04,5
2026-07-16,002690,53389,5452,66.8,0.213,1549.0,CLOSED,1519.0,2026-07-21,-1.94,5
2026-07-16,096530,97726,103518,72.1,0.716,28450.0,CLOSED,27350.0,2026-07-21,-3.87,5
2026-07-16,131370,104194,1226,71.1,0.456,1487.0,CLOSED,1428.0,2026-07-21,-3.97,5
2026-07-16,067000,100042,-101706,68.0,0.482,1108.0,CLOSED,1060.0,2026-07-21,-4.33,5
2026-07-16,950190,102106,-67,64.9,0.643,9360.0,CLOSED,9420.0,2026-07-21,0.64,5
2026-07-16,950220,81668,-264,66.7,0.776,1362.0,CLOSED,1317.0,2026-07-21,-3.3,5
2026-07-16,102370,56583,-1,63.9,0.503,3160.0,CLOSED,3060.0,2026-07-21,-3.16,5
2026-07-16,027050,54402,0,66.2,0.71,1378.0,CLOSED,1356.0,2026-07-21,-1.6,5
2026-07-16,357230,50303,-569,62.8,0.593,2135.0,CLOSED,2085.0,2026-07-21,-2.34,5
2026-07-16,212710,70862,71757,65.9,0.76,10050.0,CLOSED,9160.0,2026-07-20,-8.86,4
2026-07-16,011370,186098,-2209,73.2,0.464,804.0,CLOSED,785.0,2026-07-21,-2.36,5
2026-07-16,033310,85261,41954,67.3,0.663,1314.0,CLOSED,1293.0,2026-07-21,-1.6,5
2026-07-16,081150,63597,0,61.6,0.624,2795.0,CLOSED,2670.0,2026-07-21,-4.47,5
2026-07-16,376930,73527,-281,72.0,0.49,697.0,CLOSED,674.0,2026-07-21,-3.3,5
2026-07-16,053270,52641,-31174,62.6,0.679,1844.0,CLOSED,1903.0,2026-07-21,3.2,5
2026-07-16,129890,158580,35667,75.8,0.302,936.0,CLOSED,958.0,2026-07-21,2.35,5
2026-07-16,037400,61795,-74439,66.8,0.608,707.0,CLOSED,670.0,2026-07-21,-5.23,5
2026-07-16,054220,62621,0,62.5,0.748,1475.0,CLOSED,1454.0,2026-07-21,-1.42,5
2026-07-20,086280,137208,-56437,68.3,0.771,186200.0,CLOSED,205500.0,2026-07-27,10.37,7
2026-07-20,161390,209599,-21777,74.5,0.706,70000.0,CLOSED,70000.0,2026-07-27,0.0,7
2026-07-20,192820,53739,-768,64.4,0.498,176000.0,CLOSED,193400.0,2026-07-27,9.89,7
2026-07-20,081660,90698,-52014,67.3,0.419,47750.0,CLOSED,44700.0,2026-07-27,-6.39,7
2026-07-20,475150,107442,624618,78.7,0.722,56400.0,CLOSED,57200.0,2026-07-27,1.42,7
2026-07-20,383800,59066,-27605,64.7,0.641,7490.0,CLOSED,7860.0,2026-07-27,4.94,7
2026-07-20,002900,64647,-47477,65.4,0.739,6090.0,CLOSED,6450.0,2026-07-27,5.91,7
2026-07-20,102260,87252,251,65.8,0.674,3460.0,CLOSED,3510.0,2026-07-27,1.45,7
2026-07-20,213500,56360,-2909,62.0,0.659,6760.0,CLOSED,6850.0,2026-07-27,1.33,7
2026-07-20,095570,120702,-59625,62.1,0.454,4250.0,CLOSED,4280.0,2026-07-27,0.71,7
2026-07-20,002630,58853,-17,68.4,0.529,887.0,CLOSED,974.0,2026-07-27,9.81,7
2026-07-20,047400,124888,-481,68.1,0.617,970.0,CLOSED,958.0,2026-07-27,-1.24,7
2026-07-20,000040,300806,20000,67.3,0.0,267.0,CLOSED,267.0,2026-07-27,0.0,7
2026-07-20,206640,54011,-25763,61.5,0.667,10650.0,CLOSED,11060.0,2026-07-27,3.85,7
2026-07-20,078020,91038,-1034,61.7,0.611,6220.0,CLOSED,6350.0,2026-07-27,2.09,7
2026-07-20,005160,61907,0,63.6,0.582,2270.0,CLOSED,2415.0,2026-07-27,6.39,7
2026-07-20,046440,60867,7833,63.0,0.757,3905.0,CLOSED,3950.0,2026-07-27,1.15,7
2026-07-20,052260,56853,-57,63.0,0.701,3330.0,CLOSED,3365.0,2026-07-27,1.05,7
2026-07-20,040420,84631,-5076,62.2,0.606,5740.0,CLOSED,5790.0,2026-07-27,0.87,7
2026-07-20,208640,55213,0,65.6,0.258,945.0,CLOSED,1157.0,2026-07-27,22.43,7
2026-07-20,090150,98655,0,65.1,0.794,508.0,CLOSED,499.0,2026-07-27,-1.77,7
2026-07-20,009620,66401,-149,74.2,0.734,785.0,CLOSED,808.0,2026-07-27,2.93,7
2026-07-20,070300,51732,-1996,76.1,0.701,1843.0,CLOSED,1610.0,2026-07-27,-12.64,7
2026-07-21,068270,216036,185177,82.18499999999995,0.545,172900.0,CLOSED,180100.0,2026-07-27,4.16,6
2026-07-21,035720,134540,598632,82.18499999999995,0.744,35600.0,CLOSED,36900.0,2026-07-27,3.65,6
2026-07-21,018260,54425,17997,72.4,0.761,190300.0,CLOSED,219000.0,2026-07-27,15.08,6
2026-07-21,377300,67389,39404,70.4,0.78,41100.0,CLOSED,44600.0,2026-07-27,8.52,6
2026-07-21,010620,189955,-112800,68.3,0.0,223000.0,CLOSED,223000.0,2026-07-27,0.0,6
2026-07-21,090430,164817,-15115,78.4,0.579,120300.0,CLOSED,123900.0,2026-07-27,2.99,6
2026-07-21,088980,483714,306568,79.4,0.4,10010.0,CLOSED,10120.0,2026-07-27,1.1,6
2026-07-21,138930,218522,180364,81.8,0.512,18230.0,CLOSED,18180.0,2026-07-27,-0.27,6
2026-07-21,002790,65421,36827,67.5,0.426,24250.0,CLOSED,24950.0,2026-07-27,2.89,6
2026-07-21,012510,71102,-49528,60.1,0.0,120000.0,CLOSED,120000.0,2026-07-27,0.0,6
2026-07-21,293940,260530,-166517,66.3,0.75,5180.0,CLOSED,5350.0,2026-07-27,3.28,6
2026-07-21,027410,62010,-1466,64.6,0.544,3870.0,CLOSED,4035.0,2026-07-27,4.26,6
2026-07-21,123890,82969,66132,69.7,0.591,2190.0,CLOSED,2285.0,2026-07-27,4.34,6
2026-07-21,100250,76025,-3284,65.1,0.686,2950.0,CLOSED,2960.0,2026-07-27,0.34,6
2026-07-21,004770,91980,14413,68.5,0.681,1629.0,CLOSED,1613.0,2026-07-27,-0.98,6
2026-07-21,012280,91158,265262,77.5,0.589,821.0,CLOSED,813.0,2026-07-27,-0.97,6
2026-07-21,950170,197222,-2563,64.9,0.493,4820.0,CLOSED,5100.0,2026-07-27,5.81,6
2026-07-21,230360,212881,-55013,60.7,0.0,16000.0,CLOSED,16000.0,2026-07-27,0.0,6
2026-07-21,121440,815874,23340,82.18499999999995,0.028,6660.0,CLOSED,6660.0,2026-07-27,0.0,6
2026-07-21,300080,116227,-214,65.0,0.288,7200.0,CLOSED,8070.0,2026-07-27,12.08,6
2026-07-21,032850,60732,-1775,64.2,0.766,3900.0,CLOSED,3980.0,2026-07-27,2.05,6
2026-07-21,039420,59142,0,65.9,0.8,2625.0,CLOSED,2650.0,2026-07-27,0.95,6
2026-07-21,900260,98666,-32809,63.9,0.213,1604.0,CLOSED,1610.0,2026-07-27,0.37,6
2026-07-21,032680,125089,-249,68.0,0.6,996.0,CLOSED,975.0,2026-07-27,-2.11,6
2026-07-22,138040,84999,216644,75.2,0.497,115200.0,CLOSED,125800.0,2026-07-27,9.2,5
2026-07-22,000100,143209,-1368,71.3,0.565,71000.0,CLOSED,72400.0,2026-07-27,1.97,5
2026-07-22,415640,145518,-79500,66.8,0.561,10840.0,CLOSED,10940.0,2026-07-27,0.92,5
2026-07-22,009290,55062,-3153,66.1,0.492,5870.0,CLOSED,6030.0,2026-07-27,2.73,5
2026-07-22,003460,53647,-1225,65.2,0.48,3060.0,CLOSED,3080.0,2026-07-27,0.65,5
2026-07-22,007210,51680,874,67.4,0.548,1491.0,CLOSED,1459.0,2026-07-27,-2.15,5
2026-07-22,001360,65190,124,73.5,0.711,1289.0,CLOSED,1293.0,2026-07-27,0.31,5
2026-07-22,008260,72167,-3367,64.1,0.6,3025.0,CLOSED,3165.0,2026-07-27,4.63,5
2026-07-22,011150,51863,-168,64.3,0.502,1994.0,CLOSED,2035.0,2026-07-27,2.06,5
2026-07-22,013700,92976,2603,75.0,0.727,1360.0,CLOSED,1399.0,2026-07-27,2.87,5
2026-07-22,002690,54839,10168,67.3,0.299,1510.0,CLOSED,1543.0,2026-07-27,2.19,5
2026-07-22,131370,87187,165,71.0,0.735,1405.0,CLOSED,1443.0,2026-07-27,2.7,5
2026-07-22,051160,52305,999,63.5,0.471,7300.0,CLOSED,7640.0,2026-07-27,4.66,5
2026-07-22,011370,146750,-250,73.8,0.387,786.0,CLOSED,760.0,2026-07-27,-3.31,5
2026-07-22,208140,69051,-7841,64.2,0.54,2205.0,CLOSED,2210.0,2026-07-27,0.23,5
2026-07-22,129890,103859,186008,76.7,0.758,964.0,CLOSED,935.0,2026-07-27,-3.01,5
2026-07-22,037400,69631,-78447,66.0,0.748,696.0,CLOSED,709.0,2026-07-27,1.87,5
2026-07-23,000270,605701,-142741,82.49000000000005,0.477,148700.0,CLOSED,131100.0,2026-07-24,-11.84,1
2026-07-23,055550,287257,-268755,82.2,0.796,103300.0,CLOSED,100500.0,2026-07-28,-2.71,5
2026-07-23,005490,167578,-168874,69.8,0.762,323000.0,CLOSED,294500.0,2026-07-28,-8.82,5
2026-07-23,033780,135992,-120185,69.1,0.518,178200.0,CLOSED,181200.0,2026-07-28,1.68,5
2026-07-23,021240,97669,8919,69.5,0.755,90200.0,CLOSED,90700.0,2026-07-28,0.55,5
2026-07-23,018880,1001375,163168,60.4,0.762,3755.0,CLOSED,3315.0,2026-07-28,-11.72,5
2026-07-23,028670,430347,316225,82.49000000000005,0.654,5280.0,CLOSED,5030.0,2026-07-28,-4.73,5
2026-07-23,003690,71768,-6633,74.2,0.754,13780.0,CLOSED,13590.0,2026-07-28,-1.38,5
2026-07-23,395400,64487,-126819,67.8,0.797,5520.0,CLOSED,5580.0,2026-07-28,1.09,5
2026-07-23,365550,120201,-146193,65.5,0.793,3220.0,CLOSED,3300.0,2026-07-28,2.48,5
2026-07-23,003620,223611,-235650,70.8,0.701,2865.0,CLOSED,2640.0,2026-07-28,-7.85,5
2026-07-23,117580,73172,-1097,65.6,0.443,7210.0,CLOSED,6690.0,2026-07-28,-7.21,5
2026-07-23,004090,82255,-45,74.8,0.795,11950.0,CLOSED,10920.0,2026-07-27,-8.62,4
2026-07-23,010660,54366,-836,69.2,0.788,2690.0,CLOSED,2590.0,2026-07-28,-3.72,5
2026-07-23,071090,52162,-1248,66.8,0.724,3020.0,CLOSED,2810.0,2026-07-28,-6.95,5
2026-07-23,004830,53572,-50,75.0,0.359,3380.0,CLOSED,3085.0,2026-07-28,-8.73,5
2026-07-23,009200,65963,317,63.9,0.685,1467.0,CLOSED,1435.0,2026-07-28,-2.18,5
2026-07-23,004870,202568,-21,75.4,0.0,247.0,CLOSED,828.0,2026-07-28,235.22,5
2026-07-23,002760,109910,128526,69.2,0.597,1004.0,CLOSED,967.0,2026-07-28,-3.69,5
2026-07-23,257720,156092,-144762,78.9,0.686,36600.0,CLOSED,36400.0,2026-07-28,-0.55,5
2026-07-23,018290,102212,-58795,70.0,0.743,11640.0,CLOSED,11260.0,2026-07-28,-3.26,5
2026-07-23,015750,216320,-78899,72.8,0.737,5940.0,CLOSED,5480.0,2026-07-28,-7.74,5
2026-07-23,114840,57638,-17203,63.3,0.633,8490.0,CLOSED,7810.0,2026-07-28,-8.01,5
2026-07-23,125020,64752,28486,77.0,0.668,5730.0,CLOSED,5180.0,2026-07-27,-9.6,4
2026-07-23,299900,87096,-361,67.2,0.0,233.0,CLOSED,233.0,2026-07-28,0.0,5
2026-07-23,185490,82208,0,66.0,0.713,1508.0,CLOSED,1427.0,2026-07-28,-5.37,5
2026-07-23,053050,88653,1,67.0,0.571,1963.0,CLOSED,1763.0,2026-07-28,-10.19,5
2026-07-23,246710,104583,-7891,68.3,0.705,2330.0,CLOSED,2375.0,2026-07-28,1.93,5
2026-07-23,382480,55091,0,63.8,0.65,1780.0,CLOSED,1668.0,2026-07-28,-6.29,5
2026-07-23,347000,59000,-114,65.1,0.308,1717.0,CLOSED,1627.0,2026-07-28,-5.24,5
2026-07-23,051490,63702,3306,62.3,0.611,2685.0,CLOSED,2530.0,2026-07-28,-5.77,5
2026-07-23,088130,69352,1627,66.8,0.699,5160.0,CLOSED,4665.0,2026-07-28,-9.59,5
2026-07-23,217500,50731,303,64.8,0.77,1470.0,CLOSED,1372.0,2026-07-28,-6.67,5
2026-07-24,079550,67764,-17708,65.3,0.755,765000.0,CLOSED,701000.0,2026-07-27,-8.37,3
2026-07-24,032640,392992,143537,82.4,0.593,14695.0,CLOSED,14310.0,2026-07-29,-2.62,5
2026-07-24,175330,68264,-167204,78.0,0.75,26600.0,CLOSED,25750.0,2026-07-29,-3.2,5
2026-07-24,017800,71464,-96633,62.4,0.662,69300.0,CLOSED,64100.0,2026-07-29,-7.5,5
2026-07-24,016380,109012,-105727,65.3,0.786,5190.0,CLOSED,5050.0,2026-07-29,-2.7,5
2026-07-24,006340,321220,61065,82.73800000000001,0.655,13880.0,CLOSED,11040.0,2026-07-29,-20.46,5
2026-07-24,009270,69233,-19277,77.9,0.686,1026.0,CLOSED,958.0,2026-07-29,-6.63,5
2026-07-24,251970,58289,-47927,64.6,0.676,44300.0,CLOSED,49850.0,2026-07-29,12.53,5
2026-07-24,100130,100383,-2942,65.6,0.672,1573.0,CLOSED,1461.0,2026-07-28,-7.12,4
2026-07-24,347860,100899,782,66.1,0.762,1426.0,CLOSED,1292.0,2026-07-29,-9.4,5
2026-07-24,053450,57042,0,64.3,0.797,3565.0,CLOSED,3005.0,2026-07-29,-15.71,5
2026-07-24,039240,62957,0,65.7,0.607,1960.0,CLOSED,1771.0,2026-07-29,-9.64,5
2026-07-24,148780,53239,0,65.4,0.0,457.0,CLOSED,457.0,2026-07-29,0.0,5
2026-07-24,336060,86737,3791,63.8,0.0,590.0,CLOSED,590.0,2026-07-29,0.0,5
2026-07-24,082210,98421,-1294,74.6,0.702,2120.0,CLOSED,1911.0,2026-07-29,-9.86,5
2026-07-24,113810,135504,9143,65.8,0.0,465.0,CLOSED,1856.0,2026-07-29,299.14,5
2026-07-27,105560,239365,-123154,80.0,0.654,173200.0,CLOSED,159000.0,2026-07-29,-8.2,2
2026-07-27,086790,318238,-77781,81.2,0.643,131200.0,CLOSED,122000.0,2026-07-28,-7.01,1
2026-07-27,051910,105802,-64481,66.3,0.728,261500.0,CLOSED,238500.0,2026-07-28,-8.8,1
2026-07-27,003550,133658,-53947,74.8,0.789,98000.0,CLOSED,98200.0,2026-08-03,0.2,7
2026-07-27,323410,590982,-625890,81.0,0.716,22200.0,CLOSED,21550.0,2026-08-03,-2.93,7
2026-07-27,352820,80444,-43277,72.9,0.757,226500.0,CLOSED,195600.0,2026-07-28,-13.64,1
2026-07-27,271560,81307,-43511,65.4,0.758,130600.0,CLOSED,131900.0,2026-08-03,1.0,7
2026-07-27,030000,127477,7414,71.5,0.582,19160.0,CLOSED,18810.0,2026-08-03,-1.83,7
2026-07-27,282330,54791,-55560,62.7,0.738,126100.0,CLOSED,121300.0,2026-08-03,-3.81,7
2026-07-27,007070,107472,-69178,67.6,0.747,25600.0,CLOSED,24250.0,2026-08-03,-5.27,7
2026-07-27,192080,52211,-2937,63.8,0.512,61500.0,CLOSED,60000.0,2026-08-03,-2.44,7
2026-07-27,003470,54638,-25951,72.5,0.508,4495.0,CLOSED,4165.0,2026-07-28,-7.34,1
2026-07-27,001500,58867,-20605,66.0,0.593,7950.0,CLOSED,7330.0,2026-07-28,-7.8,1
2026-07-27,037270,67281,-1569,69.9,0.725,3280.0,CLOSED,2920.0,2026-07-29,-10.98,2
2026-07-27,000490,99463,-10602,64.6,0.633,6780.0,CLOSED,5840.0,2026-07-29,-13.86,2
2026-07-27,018470,59345,-522,80.7,0.667,959.0,CLOSED,1012.0,2026-08-03,5.53,7
2026-07-27,008350,269523,-62718,77.5,0.776,1051.0,CLOSED,952.0,2026-07-29,-9.42,2
2026-07-27,214150,112875,-64651,69.2,0.761,45450.0,CLOSED,39850.0,2026-07-29,-12.32,2
2026-07-27,472850,67432,-9,68.1,0.634,3990.0,CLOSED,4760.0,2026-08-03,19.3,7
2026-07-27,017890,59273,-12175,66.8,0.665,13670.0,CLOSED,12480.0,2026-07-29,-8.71,2
2026-07-27,036000,62475,569,60.8,0.734,2870.0,CLOSED,2815.0,2026-08-03,-1.92,7
2026-07-28,010620,189955,-112800,68.3,0.0,223000.0,CLOSED,223000.0,2026-08-03,0.0,6
2026-07-28,012510,71102,-49528,60.1,0.0,120000.0,CLOSED,120000.0,2026-08-03,0.0,6
2026-07-28,002150,53718,-6896,62.8,0.604,4865.0,CLOSED,4960.0,2026-08-03,1.95,6
2026-07-28,021050,55868,-1381,65.4,0.798,978.0,CLOSED,902.0,2026-07-29,-7.77,1
2026-07-28,230360,212881,-55013,60.7,0.0,16000.0,CLOSED,16000.0,2026-08-03,0.0,6
2026-07-28,121440,317965,-273930,81.64,0.375,6670.0,CLOSED,6680.0,2026-08-03,0.15,6
2026-07-28,300120,59711,-10004,63.8,0.68,492.0,CLOSED,491.0,2026-08-03,-0.2,6
2026-07-28,128660,89141,3968,64.3,0.796,2605.0,CLOSED,2655.0,2026-08-03,1.92,6
2026-07-28,009620,88946,-7000,62.7,0.614,796.0,CLOSED,826.0,2026-08-03,3.77,6
2026-07-28,033780,69596,-48800,69.5,0.659,181200.0,CLOSED,173800.0,2026-08-03,-4.08,6
2026-07-28,021240,71721,-67261,68.7,0.604,90700.0,CLOSED,91600.0,2026-08-03,0.99,6
2026-07-28,028670,674296,46811,81.64,0.572,5030.0,CLOSED,4925.0,2026-08-03,-2.09,6
2026-07-28,003690,203822,-65026,73.7,0.651,13590.0,CLOSED,13440.0,2026-08-03,-1.1,6
2026-07-28,299900,87096,-361,66.1,0.0,233.0,CLOSED,233.0,2026-08-03,0.0,6
2026-07-29,139990,62256,1194,63.6,0.69,1988.0,CLOSED,2155.0,2026-08-03,8.4,5
2026-07-29,032640,424805,-35187,81.0,0.602,14310.0,CLOSED,14730.0,2026-08-03,2.94,5
2026-07-29,148780,53239,0,63.0,0.0,457.0,CLOSED,457.0,2026-08-03,0.0,5
2026-07-29,336060,86737,3791,62.3,0.0,590.0,CLOSED,590.0,2026-08-03,0.0,5
2026-07-30,175330,212115,-49568,79.2,0.76,26850.0,CLOSED,27000.0,2026-08-04,0.56,5
2026-07-30,123330,81650,47063,70.1,0.635,25800.0,CLOSED,23900.0,2026-07-31,-7.36,1
2026-07-31,326030,83538,37548,65.2,0.798,78600.0,CLOSED,82600.0,2026-08-05,5.09,5
2026-07-31,035250,243655,305922,78.2,0.784,14730.0,CLOSED,14190.0,2026-08-05,-3.67,5
2026-07-31,300720,50100,29359,63.4,0.747,13970.0,CLOSED,14260.0,2026-08-05,2.08,5
2026-07-31,001800,53721,16525,65.5,0.735,25650.0,CLOSED,25900.0,2026-08-05,0.97,5
2026-07-31,377190,71349,-214764,60.9,0.727,1964.0,CLOSED,2050.0,2026-08-05,4.38,5
2026-07-31,350520,51424,19915,66.0,0.477,3260.0,CLOSED,3250.0,2026-08-05,-0.31,5
2026-07-31,027740,139423,1007,68.3,0.699,1049.0,CLOSED,1140.0,2026-08-05,8.67,5
2026-07-31,027710,388624,-63256,77.8,0.786,1023.0,CLOSED,1066.0,2026-08-05,4.2,5
2026-07-31,101680,131497,0,63.4,0.67,2510.0,CLOSED,2580.0,2026-08-05,2.79,5
2026-08-03,251270,89394,67469,67.5,0.719,38100.0,CLOSED,40200.0,2026-08-10,5.51,7
2026-08-03,272450,57841,21221,63.5,0.696,5220.0,CLOSED,5400.0,2026-08-10,3.45,7
2026-08-03,339770,90307,8364,64.6,0.758,3640.0,CLOSED,3775.0,2026-08-10,3.71,7
2026-08-03,002200,62115,307,63.6,0.763,2275.0,CLOSED,2410.0,2026-08-10,5.93,7
2026-08-03,002870,111031,864,66.0,0.557,1044.0,CLOSED,961.0,2026-08-10,-7.95,7
2026-08-03,136480,218741,48,74.7,0.723,2635.0,CLOSED,2715.0,2026-08-10,3.04,7
2026-08-03,105550,78228,0,62.9,0.0,397.0,CLOSED,397.0,2026-08-10,0.0,7
2026-08-03,013990,183026,1,65.6,0.615,4515.0,CLOSED,4925.0,2026-08-10,9.08,7
2026-08-03,100700,65720,17109,66.5,0.761,2295.0,CLOSED,2355.0,2026-08-10,2.61,7
2026-08-03,038680,68073,7,67.6,0.566,3325.0,CLOSED,3825.0,2026-08-10,15.04,7
2026-08-03,091970,52441,0,71.0,0.498,4355.0,CLOSED,3965.0,2026-08-07,-8.96,4
2026-08-03,323410,350650,86606,81.1,0.672,21550.0,CLOSED,22000.0,2026-08-10,2.09,7
2026-08-03,010620,189955,-112800,68.3,0.0,223000.0,CLOSED,223000.0,2026-08-10,0.0,7
2026-08-03,012510,71102,-49528,60.1,0.0,120000.0,CLOSED,120000.0,2026-08-10,0.0,7
2026-08-03,230360,212881,-55013,60.7,0.0,16000.0,CLOSED,16000.0,2026-08-10,0.0,7
2026-08-03,121440,358534,187956,82.30800000000004,0.571,6680.0,CLOSED,6760.0,2026-08-10,1.2,7
2026-08-03,299900,87096,-361,63.4,0.0,233.0,CLOSED,233.0,2026-08-10,0.0,7
2026-08-03,336060,86737,3791,61.4,0.0,590.0,CLOSED,2975.0,2026-08-10,404.24,7
2026-08-04,015760,601580,-53991,77.0,0.737,35050.0,CLOSED,35700.0,2026-08-10,1.85,6
2026-08-04,302440,55576,20375,65.2,0.713,34700.0,CLOSED,37050.0,2026-08-10,6.77,6
2026-08-04,120110,119522,-6419,68.8,0.759,51900.0,CLOSED,57900.0,2026-08-10,11.56,6
2026-08-04,381970,150395,-129926,61.8,0.789,7530.0,CLOSED,7820.0,2026-08-10,3.85,6
2026-08-04,026890,63356,49920,68.2,0.539,7890.0,CLOSED,8200.0,2026-08-10,3.93,6
2026-08-04,298690,53655,17753,68.1,0.505,1533.0,CLOSED,1529.0,2026-08-10,-0.26,6
2026-08-04,035890,146540,89655,76.4,0.609,1952.0,CLOSED,2020.0,2026-08-10,3.48,6
2026-08-04,464080,97005,-4061,64.4,0.754,8570.0,CLOSED,9250.0,2026-08-10,7.93,6
2026-08-04,307870,269613,0,69.0,0.776,895.0,CLOSED,887.0,2026-08-10,-0.89,6
2026-08-04,294630,64972,949,64.3,0.522,2730.0,CLOSED,2985.0,2026-08-10,9.34,6
2026-08-04,012340,81227,-54399,71.7,0.726,880.0,CLOSED,884.0,2026-08-10,0.45,6
2026-08-04,192410,66837,-329,65.1,0.628,4185.0,CLOSED,4410.0,2026-08-10,5.38,6
2026-08-05,294870,90794,49108,72.7,0.793,21650.0,CLOSED,22700.0,2026-08-10,4.85,5
2026-08-05,001520,61696,34169,72.0,0.136,1090.0,CLOSED,1121.0,2026-08-10,2.84,5
2026-08-05,013700,64461,61,75.8,0.612,1500.0,CLOSED,1584.0,2026-08-10,5.6,5
2026-08-05,011420,114896,174,66.7,0.775,1462.0,CLOSED,1456.0,2026-08-10,-0.41,5
2026-08-05,028300,857894,423654,73.0,0.485,35650.0,CLOSED,40250.0,2026-08-10,12.9,5
2026-08-05,067630,56558,49,74.1,0.6,2265.0,CLOSED,2690.0,2026-08-10,18.76,5
2026-08-05,115450,329927,10338,72.7,0.714,1970.0,CLOSED,2255.0,2026-08-10,14.47,5
2026-08-05,051980,448689,0,80.0,0.65,998.0,CLOSED,1117.0,2026-08-10,11.92,5
2026-08-05,048410,168795,388583,82.4,0.784,6810.0,CLOSED,7360.0,2026-08-10,8.08,5
2026-08-05,067080,122318,596,64.6,0.694,9380.0,CLOSED,11160.0,2026-08-10,18.98,5
2026-08-05,205500,87776,-1986,67.4,0.735,1672.0,CLOSED,1501.0,2026-08-10,-10.23,5
2026-08-05,019550,188943,-3573,71.3,0.656,999.0,CLOSED,1027.0,2026-08-10,2.8,5
2026-08-05,007720,61094,1095,61.4,0.166,1330.0,CLOSED,1448.0,2026-08-10,8.87,5
2026-08-05,066430,57495,5133,70.6,0.663,2290.0,CLOSED,2070.0,2026-08-07,-9.61,2
2026-08-05,317240,95164,0,74.2,0.773,1117.0,CLOSED,1158.0,2026-08-10,3.67,5
2026-08-06,027740,219075,66,68.5,0.799,1140.0,CLOSED,1186.0,2026-08-11,4.04,5
2026-08-07,011200,1173343,-418825,81.83200000000002,0.702,21750.0,CLOSED,21300.0,2026-08-12,-2.07,5
2026-08-07,086280,67561,8386,69.6,0.685,205000.0,CLOSED,200000.0,2026-08-12,-2.44,5
2026-08-07,009410,102659,18002,72.2,0.765,1625.0,CLOSED,1647.0,2026-08-12,1.35,5
2026-08-07,417310,98913,-102357,71.9,0.392,10920.0,CLOSED,10930.0,2026-08-12,0.09,5
2026-08-07,003580,53428,56,74.4,0.491,1465.0,CLOSED,1632.0,2026-08-12,11.4,5
2026-08-07,008700,82881,359609,80.3,0.622,1201.0,CLOSED,1249.0,2026-08-12,4.0,5
2026-08-07,004920,51323,-1516,63.8,0.654,927.0,CLOSED,915.0,2026-08-12,-1.29,5
2026-08-07,004410,196191,-156,73.3,0.657,1066.0,CLOSED,1126.0,2026-08-12,5.63,5
2026-08-07,255220,464510,0,70.6,0.727,1409.0,CLOSED,1419.0,2026-08-12,0.71,5
2026-08-07,347860,149597,-183,69.2,0.548,1492.0,CLOSED,1520.0,2026-08-12,1.88,5
2026-08-07,053950,63388,-137,63.4,0.395,1617.0,CLOSED,1648.0,2026-08-12,1.92,5
2026-08-07,406820,102735,558,75.3,0.747,1877.0,CLOSED,2625.0,2026-08-12,39.85,5
2026-08-07,191410,97258,462,68.4,0.542,1508.0,CLOSED,1372.0,2026-08-12,-9.02,5
2026-08-10,207940,53130,-17533,66.0,0.709,1570000.0,CLOSED,1551000.0,2026-08-17,-1.21,7
2026-08-10,096770,409837,-119543,81.06199999999998,0.701,124300.0,CLOSED,129000.0,2026-08-17,3.78,7
2026-08-10,024110,208279,-49383,80.2,0.723,20300.0,CLOSED,20300.0,2026-08-17,0.0,7
2026-08-10,026960,53412,3712,63.4,0.708,26450.0,CLOSED,26250.0,2026-08-17,-0.76,7
2026-08-10,034230,274183,-455263,61.1,0.33,9790.0,CLOSED,9820.0,2026-08-17,0.31,7
2026-08-10,000890,158682,79,77.6,0.736,1408.0,CLOSED,1473.0,2026-08-17,4.62,7
2026-08-10,047920,193352,70,75.4,0.467,8700.0,CLOSED,8780.0,2026-08-17,0.92,7
2026-08-10,027710,103159,-20866,76.4,0.598,1090.0,CLOSED,1072.0,2026-08-17,-1.65,7
2026-08-10,036120,58501,-656,70.5,0.635,1592.0,CLOSED,1639.0,2026-08-17,2.95,7
2026-08-10,003310,213487,0,71.7,0.673,1672.0,CLOSED,1694.0,2026-08-17,1.32,7
2026-08-10,114450,125450,-10385,64.7,0.653,2280.0,CLOSED,2235.0,2026-08-17,-1.97,7
2026-08-10,010620,189955,-112800,68.3,0.0,223000.0,CLOSED,223000.0,2026-08-17,0.0,7
2026-08-10,012510,71102,-49528,60.1,0.0,120000.0,CLOSED,120000.0,2026-08-17,0.0,7
2026-08-10,001520,208668,-5530,73.0,0.125,1121.0,CLOSED,1154.0,2026-08-17,2.94,7
2026-08-10,230360,212881,-55013,60.7,0.0,16000.0,CLOSED,16000.0,2026-08-17,0.0,7
2026-08-11,005380,145492,14545,76.1,0.757,403500.0,CLOSED,454000.0,2026-08-17,12.52,6
2026-08-11,035420,69389,240679,80.63200000000002,0.75,213500.0,CLOSED,227000.0,2026-08-17,6.32,6
2026-08-11,028260,335550,-291247,76.4,0.671,346500.0,CLOSED,370000.0,2026-08-17,6.78,6
2026-08-11,012330,63448,-39838,72.0,0.739,495500.0,CLOSED,546000.0,2026-08-17,10.19,6
2026-08-11,443060,81319,-67675,63.2,0.689,201000.0,CLOSED,196200.0,2026-08-17,-2.39,6
2026-08-11,005940,401831,-338217,73.3,0.465,28250.0,CLOSED,28650.0,2026-08-17,1.42,6
2026-08-11,241560,73656,9278,66.4,0.736,63900.0,CLOSED,66100.0,2026-08-17,3.44,6
2026-08-11,039490,90321,-44628,63.0,0.576,300000.0,CLOSED,300500.0,2026-08-17,0.17,6
2026-08-11,000080,120505,30487,68.2,0.662,15610.0,CLOSED,15840.0,2026-08-17,1.47,6
2026-08-11,900140,110807,-10500,78.9,0.755,1262.0,CLOSED,1230.0,2026-08-17,-2.54,6
2026-08-11,025860,88999,6274,71.8,0.595,5910.0,CLOSED,5830.0,2026-08-17,-1.35,6
2026-08-11,004430,138264,-21113,67.8,0.574,12270.0,CLOSED,11780.0,2026-08-17,-3.99,6
2026-08-11,018470,284753,235,80.63200000000002,0.366,1040.0,CLOSED,1044.0,2026-08-17,0.38,6
2026-08-11,014160,170466,-3955,72.3,0.67,730.0,CLOSED,631.0,2026-08-14,-13.56,3
2026-08-11,058860,67464,37,64.9,0.654,2560.0,CLOSED,2555.0,2026-08-17,-0.2,6
2026-08-11,004100,180632,18,70.6,0.699,2420.0,CLOSED,2395.0,2026-08-17,-1.03,6
2026-08-11,067310,93243,-202245,72.1,0.708,34500.0,CLOSED,36250.0,2026-08-17,5.07,6
2026-08-11,099440,74399,-3679,67.3,0.565,4045.0,CLOSED,4300.0,2026-08-17,6.3,6
2026-08-11,038110,155353,0,63.9,0.758,2030.0,CLOSED,2040.0,2026-08-17,0.49,6
2026-08-11,019550,82118,569,71.2,0.728,1042.0,CLOSED,1051.0,2026-08-17,0.86,6
2026-08-11,317770,66389,-2230,69.6,0.641,2680.0,CLOSED,2695.0,2026-08-17,0.56,6
2026-08-11,299660,121459,-1257,75.3,0.511,1921.0,CLOSED,1827.0,2026-08-17,-4.89,6
2026-08-11,396300,350624,-1795,71.7,0.55,4200.0,CLOSED,4915.0,2026-08-17,17.02,6
2026-08-11,046210,151093,0,74.2,0.306,1160.0,CLOSED,1179.0,2026-08-17,1.64,6
2026-08-11,217730,447123,25693,71.0,0.732,2815.0,CLOSED,2825.0,2026-08-17,0.36,6
2026-08-11,054540,82847,-491,74.0,0.789,7030.0,CLOSED,7160.0,2026-08-17,1.85,6
2026-08-11,050110,75815,0,72.0,0.696,1097.0,CLOSED,1043.0,2026-08-17,-4.92,6
2026-08-11,047770,255221,0,66.5,0.729,2700.0,CLOSED,2665.0,2026-08-17,-1.3,6
2026-08-11,037230,64245,-338,68.3,0.622,1422.0,CLOSED,1415.0,2026-08-17,-0.49,6
2026-08-11,354200,70332,0,75.1,0.799,2320.0,CLOSED,2040.0,2026-08-12,-12.07,1
2026-08-11,129890,55963,15000,70.0,0.543,992.0,CLOSED,973.0,2026-08-17,-1.92,6
2026-08-11,035620,75978,-12084,70.4,0.609,796.0,CLOSED,723.0,2026-08-13,-9.17,2
2026-08-11,310870,53089,-897,67.9,0.671,1362.0,CLOSED,1367.0,2026-08-17,0.37,6
2026-08-11,146060,74047,900,68.3,0.79,1090.0,CLOSED,1073.0,2026-08-17,-1.56,6
2026-08-11,054940,68676,0,64.8,0.0,760.0,CLOSED,3730.0,2026-08-17,390.79,6
2026-08-12,042660,284638,-75296,80.66800000000002,0.734,90300.0,CLOSED,95400.0,2026-08-17,5.65,5
2026-08-12,015760,316638,-332220,76.3,0.633,35600.0,CLOSED,32950.0,2026-08-13,-7.44,1
2026-08-12,316140,127905,1360612,80.66800000000002,0.595,33100.0,CLOSED,33550.0,2026-08-17,1.36,5
2026-08-12,006800,376738,-321732,70.4,0.519,36550.0,CLOSED,37550.0,2026-08-17,2.74,5
2026-08-12,005387,87359,-28159,63.0,0.687,199300.0,CLOSED,211500.0,2026-08-17,6.12,5
2026-08-12,251270,129776,-113502,66.6,0.792,39950.0,CLOSED,39050.0,2026-08-17,-2.25,5
2026-08-12,271560,110341,-88505,64.4,0.65,132800.0,CLOSED,134500.0,2026-08-17,1.28,5
2026-08-12,011790,60447,17163,67.2,0.773,87400.0,CLOSED,89500.0,2026-08-17,2.4,5
2026-08-12,088350,1775893,-301235,80.66800000000002,0.759,4735.0,CLOSED,5560.0,2026-08-17,17.42,5
2026-08-12,030000,81755,-21085,70.8,0.77,18950.0,CLOSED,18970.0,2026-08-17,0.11,5
2026-08-12,003570,113369,-147200,61.6,0.534,32550.0,CLOSED,32750.0,2026-08-17,0.61,5
2026-08-12,079160,227503,197639,80.4,0.645,5560.0,CLOSED,5400.0,2026-08-17,-2.88,5
2026-08-12,010780,53736,-68564,61.1,0.797,19610.0,CLOSED,17840.0,2026-08-13,-9.03,1
2026-08-12,001500,76439,-17956,65.9,0.692,8210.0,CLOSED,8190.0,2026-08-17,-0.24,5
2026-08-12,006220,55282,13353,69.1,0.65,9360.0,CLOSED,9290.0,2026-08-17,-0.75,5
2026-08-12,001200,237635,137413,80.3,0.727,4485.0,CLOSED,4485.0,2026-08-17,0.0,5
2026-08-12,011930,84808,-7127,68.4,0.756,16790.0,CLOSED,16840.0,2026-08-17,0.3,5
2026-08-12,034830,75325,-93539,70.0,0.796,1140.0,CLOSED,1160.0,2026-08-17,1.75,5
2026-08-12,008970,198905,39,80.66800000000002,0.574,1138.0,CLOSED,1124.0,2026-08-17,-1.23,5
2026-08-12,123890,64308,-2187,69.2,0.771,2275.0,CLOSED,2390.0,2026-08-17,5.05,5
2026-08-12,004980,60770,-257,65.5,0.745,8230.0,CLOSED,8330.0,2026-08-17,1.22,5
2026-08-12,001250,376048,67957,79.8,0.706,2885.0,CLOSED,2765.0,2026-08-17,-4.16,5
2026-08-12,213500,95839,-17888,66.6,0.743,7720.0,CLOSED,7750.0,2026-08-17,0.39,5
2026-08-12,000020,195265,-1298,75.6,0.464,5290.0,CLOSED,5250.0,2026-08-17,-0.76,5
2026-08-12,009270,98535,-22554,71.9,0.66,1071.0,CLOSED,1061.0,2026-08-17,-0.93,5
2026-08-12,005950,137513,6334,74.1,0.697,14220.0,CLOSED,15640.0,2026-08-17,9.99,5
2026-08-12,004140,71091,-6,68.2,0.795,1902.0,CLOSED,1883.0,2026-08-17,-1.0,5
2026-08-12,001360,183213,457,76.0,0.794,1311.0,CLOSED,1300.0,2026-08-17,-0.84,5
2026-08-12,007210,121691,-24017,66.5,0.759,1515.0,CLOSED,1502.0,2026-08-17,-0.86,5
2026-08-12,004150,66756,-6559,64.2,0.737,3240.0,CLOSED,3470.0,2026-08-17,7.1,5
2026-08-12,058850,78459,3,66.3,0.592,2275.0,CLOSED,2275.0,2026-08-17,0.0,5
2026-08-12,002780,614302,-990,77.5,0.768,821.0,CLOSED,782.0,2026-08-17,-4.75,5
2026-08-12,011150,91583,17,64.4,0.551,2075.0,CLOSED,2040.0,2026-08-17,-1.69,5
2026-08-12,396690,56427,-70761,61.4,0.685,1613.0,CLOSED,1592.0,2026-08-17,-1.3,5
2026-08-12,004830,74176,505,65.6,0.697,3430.0,CLOSED,3375.0,2026-08-17,-1.6,5
2026-08-12,011230,67504,2,74.4,0.696,3020.0,CLOSED,2935.0,2026-08-17,-2.81,5
2026-08-12,090080,126505,14,68.4,0.354,1036.0,CLOSED,1059.0,2026-08-17,2.22,5
2026-08-12,007390,136321,-14015,72.0,0.708,23250.0,CLOSED,23250.0,2026-08-17,0.0,5
2026-08-12,064260,72416,-2945,70.8,0.649,4950.0,CLOSED,5060.0,2026-08-17,2.22,5
2026-08-12,099430,214341,-3685,70.5,0.7,3720.0,CLOSED,3665.0,2026-08-17,-1.48,5
2026-08-12,462860,60617,0,67.4,0.738,2055.0,CLOSED,2060.0,2026-08-17,0.24,5
2026-08-12,094480,53721,-103,72.1,0.567,5280.0,CLOSED,5270.0,2026-08-17,-0.19,5
2026-08-12,079370,54834,-51766,67.6,0.778,9850.0,CLOSED,10200.0,2026-08-17,3.55,5
2026-08-12,041020,74179,0,76.0,0.746,3165.0,CLOSED,3075.0,2026-08-17,-2.84,5
2026-08-12,394280,65608,-94276,62.2,0.64,10300.0,CLOSED,10350.0,2026-08-17,0.49,5
2026-08-12,049070,115740,88,66.9,0.692,19350.0,CLOSED,19870.0,2026-08-17,2.69,5
2026-08-12,014940,121772,-30,76.5,0.534,4925.0,CLOSED,5030.0,2026-08-17,2.13,5
2026-08-12,109610,136408,0,73.2,0.757,2010.0,CLOSED,1990.0,2026-08-17,-1.0,5
2026-08-12,100130,74499,5602,67.0,0.484,1533.0,CLOSED,1511.0,2026-08-17,-1.44,5
2026-08-12,333430,65591,0,63.4,0.522,4070.0,CLOSED,4205.0,2026-08-17,3.32,5
2026-08-12,102370,55911,-7325,62.7,0.763,3265.0,CLOSED,3310.0,2026-08-17,1.38,5
2026-08-12,049520,75142,-57,64.6,0.602,3825.0,CLOSED,3820.0,2026-08-17,-0.13,5
2026-08-12,013310,96022,-132,66.7,0.66,2685.0,CLOSED,2745.0,2026-08-17,2.23,5
2026-08-12,012860,77886,-19815,74.2,0.799,2500.0,CLOSED,2565.0,2026-08-17,2.6,5
2026-08-12,073560,96970,0,67.5,0.628,1546.0,CLOSED,1551.0,2026-08-17,0.32,5
2026-08-12,263800,424345,0,77.1,0.613,5790.0,CLOSED,5770.0,2026-08-17,-0.35,5
2026-08-12,038680,92501,7,69.7,0.668,3815.0,CLOSED,3780.0,2026-08-17,-0.92,5
2026-08-12,037350,85083,202,66.5,0.637,8330.0,CLOSED,8440.0,2026-08-17,1.32,5
2026-08-12,042110,57345,0,67.1,0.505,1156.0,CLOSED,1127.0,2026-08-17,-2.51,5
2026-08-12,462510,54108,0,62.0,0.705,2952.0,CLOSED,2970.0,2026-08-17,0.61,5
2026-08-12,066430,109662,-679,70.8,0.568,2260.0,CLOSED,2495.0,2026-08-17,10.4,5
2026-08-12,340810,190645,-3040,75.7,0.66,3620.0,CLOSED,3800.0,2026-08-17,4.97,5
2026-08-13,011200,589361,623561,80.23499999999999,0.751,20850.0,CLOSED,22500.0,2026-08-18,7.91,5
2026-08-13,086280,55382,-47774,68.8,0.433,203000.0,CLOSED,204000.0,2026-08-18,0.49,5
2026-08-13,003490,609251,-78195,80.23499999999999,0.603,26050.0,CLOSED,25100.0,2026-08-18,-3.65,5
2026-08-13,003470,252834,13561,74.4,0.744,4665.0,CLOSED,4540.0,2026-08-18,-2.68,5
2026-08-13,383800,50079,-10014,64.8,0.744,8020.0,CLOSED,8080.0,2026-08-18,0.75,5
2026-08-13,452260,215828,-12617,73.2,0.762,2085.0,CLOSED,2032.0,2026-08-18,-2.54,5
2026-08-13,417310,76687,29465,72.0,0.409,10910.0,CLOSED,10880.0,2026-08-18,-0.27,5
2026-08-13,008350,137207,12872,79.3,0.513,1030.0,CLOSED,1014.0,2026-08-18,-1.55,5
2026-08-13,338100,79630,-25360,62.8,0.756,3805.0,CLOSED,3780.0,2026-08-18,-0.66,5
2026-08-13,004540,58949,5,75.8,0.486,1207.0,CLOSED,1209.0,2026-08-18,0.17,5
2026-08-13,004770,114534,-72206,67.7,0.78,1699.0,CLOSED,1705.0,2026-08-18,0.35,5
2026-08-13,004410,82537,867,72.5,0.708,1122.0,CLOSED,1155.0,2026-08-18,2.94,5
2026-08-13,036930,122770,59407,75.3,0.727,178600.0,CLOSED,178600.0,2026-08-18,0.0,5
2026-08-13,240810,176757,11642,73.8,0.583,118900.0,CLOSED,113300.0,2026-08-18,-4.71,5
2026-08-13,089030,52531,-89934,78.3,0.464,49150.0,CLOSED,49700.0,2026-08-18,1.12,5
2026-08-13,041190,131164,-12675,77.9,0.794,4845.0,CLOSED,4610.0,2026-08-18,-4.85,5
2026-08-13,099190,58642,-12914,63.7,0.607,18200.0,CLOSED,18730.0,2026-08-18,2.91,5
2026-08-13,060720,52879,566,74.2,0.753,11790.0,CLOSED,10860.0,2026-08-18,-7.89,5
2026-08-13,290690,54793,0,75.6,0.419,4230.0,CLOSED,4150.0,2026-08-18,-1.89,5
2026-08-13,039830,88178,-72360,63.5,0.745,22800.0,CLOSED,17520.0,2026-08-18,-23.16,5
2026-08-13,297890,214418,-85425,75.8,0.789,1798.0,CLOSED,1739.0,2026-08-18,-3.28,5
2026-08-13,005860,194231,4,75.4,0.505,2490.0,CLOSED,2450.0,2026-08-18,-1.61,5
2026-08-13,460870,55431,9283,64.4,0.769,2900.0,CLOSED,2730.0,2026-08-18,-5.86,5
2026-08-13,095190,70877,-3191,65.2,0.496,2015.0,CLOSED,1926.0,2026-08-18,-4.42,5
2026-08-13,160980,87129,-108662,65.5,0.558,35400.0,CLOSED,30700.0,2026-08-18,-13.28,5
2026-08-13,065450,62092,15,69.4,0.438,3020.0,CLOSED,3070.0,2026-08-18,1.66,5
2026-08-13,214270,92926,-48253,64.1,0.797,1432.0,CLOSED,1427.0,2026-08-18,-0.35,5
2026-08-13,027830,111534,0,63.7,0.207,1015.0,CLOSED,982.0,2026-08-18,-3.25,5
2026-08-13,171120,91557,829,63.9,0.695,2070.0,CLOSED,2075.0,2026-08-18,0.24,5
2026-08-13,049480,115613,0,61.3,0.795,1938.0,CLOSED,1887.0,2026-08-18,-2.63,5
2026-08-13,024910,52170,609,63.8,0.408,1441.0,CLOSED,1523.0,2026-08-18,5.69,5
2026-08-13,065950,89047,0,75.5,0.747,1013.0,CLOSED,1019.0,2026-08-18,0.59,5
2026-08-13,052900,155368,-9919,70.8,0.771,1219.0,CLOSED,1240.0,2026-08-18,1.72,5
2026-08-13,050860,55142,0,63.1,0.579,1664.0,CLOSED,1654.0,2026-08-18,-0.6,5
2026-08-13,119500,61108,2,62.6,0.777,2580.0,CLOSED,2530.0,2026-08-18,-1.94,5
2026-08-13,225430,70030,224,64.0,0.421,1765.0,CLOSED,1716.0,2026-08-18,-2.78,5
2026-08-14,000270,525990,-365891,74.4,0.447,142100.0,CLOSED,132700.0,2026-08-19,-6.62,5
2026-08-14,105560,110946,-246264,74.9,0.461,168500.0,CLOSED,164900.0,2026-08-19,-2.14,5
2026-08-14,329180,122115,-226928,68.1,0.775,511000.0,CLOSED,472250.0,2026-08-19,-7.58,5
2026-08-14,009540,68509,-148197,67.3,0.653,385000.0,CLOSED,366000.0,2026-08-19,-4.94,5
2026-08-14,086790,147989,-123139,76.2,0.489,133100.0,CLOSED,126900.0,2026-08-19,-4.66,5
2026-08-14,402340,367801,-135592,73.4,0.446,1148000.0,CLOSED,1011000.0,2026-08-19,-11.93,5
2026-08-14,017670,125039,-716578,71.3,0.581,100600.0,CLOSED,98200.0,2026-08-19,-2.39,5
2026-08-14,323410,65262,159135,75.4,0.732,22175.0,CLOSED,21450.0,2026-08-19,-3.27,5
2026-08-14,079550,61586,-3503,66.6,0.797,811000.0,CLOSED,795000.0,2026-08-19,-1.97,5
2026-08-14,009150,50003,120977,73.7,0.795,1563000.0,CLOSED,1436000.0,2026-08-18,-8.13,4
2026-08-14,010120,50192,55063,76.7,0.435,205000.0,CLOSED,201500.0,2026-08-19,-1.71,5
2026-08-14,042700,105906,214731,74.0,0.548,227500.0,CLOSED,223000.0,2026-08-19,-1.98,5
2026-08-14,090430,304175,-166691,78.2,0.775,135100.0,CLOSED,133100.0,2026-08-19,-1.48,5
2026-08-14,071050,183780,-306100,65.3,0.477,205000.0,CLOSED,181700.0,2026-08-19,-11.37,5
2026-08-14,161390,151686,-169977,72.5,0.65,71900.0,CLOSED,67800.0,2026-08-19,-5.7,5
2026-08-14,008770,178833,-206234,64.9,0.669,45400.0,CLOSED,42300.0,2026-08-19,-6.83,5
2026-08-14,005070,61450,20126,64.6,0.742,41850.0,CLOSED,39250.0,2026-08-19,-6.21,5
2026-08-14,016380,58082,75293,74.3,0.693,5700.0,CLOSED,5400.0,2026-08-19,-5.26,5
2026-08-14,004310,53052,-85,75.1,0.607,6310.0,CLOSED,6050.0,2026-08-19,-4.12,5
2026-08-14,002140,91364,-68,73.4,0.421,2110.0,CLOSED,2060.0,2026-08-19,-2.37,5
2026-08-14,277810,59808,-34307,63.9,0.462,501000.0,CLOSED,460500.0,2026-08-19,-8.08,5
2026-08-14,098460,191522,129776,79.4,0.688,32050.0,CLOSED,29450.0,2026-08-19,-8.11,5
2026-08-14,417200,54247,-151475,74.2,0.539,12340.0,CLOSED,11550.0,2026-08-19,-6.4,5
2026-08-14,060250,54092,67830,75.4,0.788,15100.0,CLOSED,13950.0,2026-08-18,-7.62,4
2026-08-14,119850,521975,-221610,80.2,0.576,54900.0,CLOSED,55000.0,2026-08-19,0.18,5
2026-08-14,204620,1083557,-530213,74.6,0.726,5260.0,CLOSED,4890.0,2026-08-19,-7.03,5
2026-08-14,030530,157856,20128,75.5,0.496,20750.0,CLOSED,19760.0,2026-08-19,-4.77,5
2026-08-14,102940,100615,2757,70.5,0.681,18400.0,CLOSED,17190.0,2026-08-19,-6.58,5
2026-08-14,252990,507186,150822,80.23600000000002,0.711,15910.0,CLOSED,14700.0,2026-08-18,-7.61,4
2026-08-14,090710,753799,-26445,76.2,0.574,7460.0,CLOSED,6855.0,2026-08-19,-8.11,5
2026-08-14,158430,69488,6573,66.9,0.674,4770.0,CLOSED,4390.0,2026-08-19,-7.97,5
2026-08-14,066590,67793,466,74.0,0.259,2775.0,CLOSED,2665.0,2026-08-19,-3.96,5
2026-08-14,215100,175824,-2,74.5,0.691,4430.0,CLOSED,4122.0,2026-08-19,-6.95,5
2026-08-14,381620,83431,-3570,69.8,0.601,6870.0,CLOSED,6400.0,2026-08-19,-6.84,5
2026-08-14,101330,61030,0,64.8,0.761,3710.0,CLOSED,3425.0,2026-08-19,-7.68,5
2026-08-14,065530,68260,-13,65.6,0.655,1328.0,CLOSED,1207.0,2026-08-19,-9.11,5
2026-08-14,036170,89839,-49345,71.2,0.481,2765.0,CLOSED,2555.0,2026-08-19,-7.59,5
2026-08-18,005935,530333,472221,80.3,0.613,187400.0,CLOSED,173700.0,2026-08-19,-7.31,1
2026-08-18,207940,53840,-29188,66.3,0.721,1528000.0,OPEN,,,,3
2026-08-18,005380,332620,-122668,75.2,0.767,432000.0,OPEN,,,,3
2026-08-18,005930,8382584,5435073,68.3,0.722,267000.0,OPEN,,,,3
2026-08-18,035420,329626,173116,80.3,0.689,215500.0,OPEN,,,,3
2026-08-18,042660,874250,-826462,80.3,0.611,90700.0,CLOSED,83900.0,2026-08-21,-7.5,3
2026-08-18,055550,196979,-111383,76.1,0.631,106200.0,OPEN,,,,3
2026-08-18,028260,139282,-100389,76.1,0.609,366500.0,OPEN,,,,3
2026-08-18,012330,197045,-118753,71.5,0.675,514000.0,OPEN,,,,3
2026-08-18,032830,54376,-101832,72.2,0.589,308500.0,CLOSED,279000.0,2026-08-19,-9.56,1
2026-08-18,005490,97595,-215719,69.3,0.51,322000.0,OPEN,,,,3
2026-08-18,316140,984915,-635893,80.3,0.455,33600.0,OPEN,,,,3
2026-08-18,003230,72050,-104805,63.0,0.706,1337000.0,OPEN,,,,3
2026-08-18,272210,122569,157794,78.0,0.734,79500.0,CLOSED,70300.0,2026-08-21,-11.57,3
2026-08-18,010620,189955,-112800,68.3,0.0,223000.0,OPEN,,,,3
2026-08-18,005940,406811,-414856,71.3,0.404,27550.0,OPEN,,,,3
2026-08-18,241560,89001,-43021,65.9,0.4,63900.0,CLOSED,58700.0,2026-08-20,-8.14,2
2026-08-18,175330,140147,-30898,72.4,0.74,27800.0,OPEN,,,,3
2026-08-18,028050,358105,-46154,80.3,0.384,47400.0,OPEN,,,,3
2026-08-18,011790,110628,-33725,67.0,0.511,86200.0,OPEN,,,,3
2026-08-18,489790,129763,29524,71.0,0.677,54300.0,OPEN,,,,3
2026-08-18,018880,1396387,169600,80.3,0.656,3635.0,OPEN,,,,3
2026-08-18,012510,71102,-49528,60.1,0.0,120000.0,OPEN,,,,3
2026-08-18,028670,818523,-936601,80.3,0.741,6050.0,OPEN,,,,3
2026-08-18,006040,51588,-30682,64.4,0.72,37700.0,OPEN,,,,3
2026-08-18,006360,357636,1537747,80.3,0.582,33950.0,OPEN,,,,3
2026-08-18,294870,192473,-118876,73.4,0.554,22450.0,OPEN,,,,3
2026-08-18,000080,72717,-56141,67.3,0.744,15360.0,OPEN,,,,3
2026-08-18,009420,111834,70315,71.5,0.778,58700.0,OPEN,,,,3
2026-08-18,004000,65303,-82698,61.9,0.695,46000.0,OPEN,,,,3
2026-08-18,000210,52360,-41684,64.7,0.295,50600.0,CLOSED,46850.0,2026-08-21,-7.41,3
2026-08-18,005880,56694,-90095,80.3,0.641,2085.0,OPEN,,,,3
2026-08-18,001500,64357,-81746,64.8,0.403,7920.0,OPEN,,,,3
2026-08-18,006220,70760,418,67.1,0.244,9210.0,OPEN,,,,3
2026-08-18,003160,167956,-3857,69.6,0.694,25750.0,CLOSED,23300.0,2026-08-21,-9.51,3
2026-08-18,003000,77371,-53531,71.4,0.729,4235.0,OPEN,,,,3
2026-08-18,011930,106267,-20134,68.3,0.579,16560.0,OPEN,,,,3
2026-08-18,194370,74508,-154663,62.4,0.383,12770.0,OPEN,,,,3
2026-08-18,018470,119982,3492,80.3,0.291,1024.0,OPEN,,,,3
2026-08-18,012800,197847,-1495,76.9,0.61,1191.0,OPEN,,,,3
2026-08-18,010100,54151,469,65.5,0.508,3640.0,OPEN,,,,3
2026-08-18,004150,103140,12737,65.5,0.617,3330.0,OPEN,,,,3
2026-08-18,017550,53185,784,71.6,0.516,1800.0,OPEN,,,,3
2026-08-18,002450,81402,7051,67.1,0.733,1110.0,OPEN,,,,3
2026-08-18,006740,86018,1161,64.1,0.0,1052.0,OPEN,,,,3
2026-08-18,007390,154002,-53414,70.8,0.698,22900.0,OPEN,,,,3
2026-08-18,041510,60071,-78017,63.3,0.456,71300.0,OPEN,,,,3
2026-08-18,009520,54452,14459,66.3,0.59,11860.0,OPEN,,,,3
2026-08-18,440110,189012,30522,76.7,0.77,69000.0,CLOSED,64100.0,2026-08-19,-7.1,1
2026-08-18,222080,74119,23806,76.6,0.699,7930.0,OPEN,,,,3
2026-08-18,211050,76432,-50246,64.0,0.723,10760.0,OPEN,,,,3
2026-08-18,047920,83089,78,71.7,0.354,8720.0,CLOSED,8090.0,2026-08-20,-7.22,2
2026-08-18,015750,79405,-46446,71.0,0.546,6050.0,OPEN,,,,3
2026-08-18,094480,54049,-817,71.9,0.246,5090.0,OPEN,,,,3
2026-08-18,079370,98004,-76230,66.8,0.62,9590.0,OPEN,,,,3
2026-08-18,230360,212881,-55013,60.7,0.0,16000.0,OPEN,,,,3
2026-08-18,049070,165781,-2062,66.7,0.601,18300.0,OPEN,,,,3
2026-08-18,086390,75741,1245,64.7,0.636,10800.0,CLOSED,9870.0,2026-08-21,-8.61,3
2026-08-18,014940,86430,-26,76.5,0.362,4860.0,OPEN,,,,3
2026-08-18,099440,166148,98180,69.4,0.742,4140.0,CLOSED,3795.0,2026-08-21,-8.33,3
2026-08-18,356680,252851,-3,74.8,0.63,12120.0,OPEN,,,,3
2026-08-18,100120,54719,-398,63.4,0.789,27700.0,OPEN,,,,3
2026-08-18,267320,59813,0,62.4,0.485,2170.0,OPEN,,,,3
2026-08-18,203650,309237,0,76.8,0.463,2070.0,OPEN,,,,3
2026-08-18,078150,312102,-2224,73.9,0.799,2045.0,CLOSED,1883.0,2026-08-21,-7.92,3
2026-08-18,038110,57317,0,63.2,0.275,2015.0,OPEN,,,,3
2026-08-18,027710,134098,-83297,76.6,0.382,1075.0,OPEN,,,,3
2026-08-18,086960,98429,0,69.9,0.598,2065.0,OPEN,,,,3
2026-08-18,293580,83488,398,69.9,0.567,1471.0,OPEN,,,,3
2026-08-18,039860,59059,257,74.9,0.239,3870.0,OPEN,,,,3
2026-08-18,085670,50853,-57,69.8,0.444,3015.0,OPEN,,,,3
2026-08-18,056090,82321,-4,77.9,0.786,1054.0,OPEN,,,,3
2026-08-18,036090,64034,0,66.4,0.757,1341.0,OPEN,,,,3
2026-08-18,003310,103917,0,63.2,0.331,1667.0,OPEN,,,,3
2026-08-18,340810,152396,-3445,76.0,0.588,3675.0,OPEN,,,,3
2026-08-18,308100,144582,0,75.2,0.703,467.0,CLOSED,409.0,2026-08-19,-12.42,1
2026-08-18,052460,178314,104964,78.6,0.785,7540.0,OPEN,,,,3
2026-08-18,073540,75319,-323,63.1,0.416,2390.0,OPEN,,,,3
2026-08-19,024110,458959,-1044483,71.0,0.456,20250.0,OPEN,,,,2
2026-08-19,018260,84696,45854,74.5,0.686,226500.0,OPEN,,,,2
2026-08-19,086280,147897,-114815,68.5,0.492,203000.0,OPEN,,,,2
2026-08-19,010060,95640,26236,73.6,0.561,276000.0,OPEN,,,,2
2026-08-19,090080,84763,1137,69.1,0.744,1059.0,OPEN,,,,2
2026-08-19,011090,166138,-1251,75.3,0.578,1783.0,OPEN,,,,2
2026-08-19,087010,73188,-82823,65.4,0.481,187400.0,OPEN,,,,2
2026-08-19,089030,384043,-107751,78.6,0.41,48900.0,OPEN,,,,2
2026-08-19,084370,56932,-52618,66.4,0.762,131600.0,OPEN,,,,2
2026-08-19,046890,229671,27108,72.2,0.612,9580.0,OPEN,,,,2
2026-08-19,101160,61031,-23504,66.6,0.449,28450.0,OPEN,,,,2
2026-08-19,046210,51416,-157506,67.1,0.412,1190.0,OPEN,,,,2
2026-08-19,388790,156244,-43690,74.7,0.51,4050.0,OPEN,,,,2
2026-08-19,340360,126228,0,63.6,0.547,948.0,OPEN,,,,2
2026-08-19,208710,57134,0,74.7,0.687,2995.0,OPEN,,,,2
2026-08-20,000660,1199452,-367321,68.1,0.647,1672000.0,OPEN,,,,1
2026-08-20,373220,90006,-32681,72.1,0.796,360000.0,OPEN,,,,1
2026-08-20,000270,395646,-364004,73.0,0.383,131600.0,OPEN,,,,1
2026-08-20,086790,90869,-35237,75.5,0.717,123900.0,OPEN,,,,1
2026-08-20,079550,58095,-22952,66.5,0.742,788000.0,CLOSED,690000.0,2026-08-21,-12.44,1
2026-08-20,443060,54159,-25897,62.9,0.607,204500.0,OPEN,,,,1
2026-08-20,010120,257750,-182910,76.1,0.368,199000.0,OPEN,,,,1
2026-08-20,042700,250805,145773,76.3,0.774,223500.0,OPEN,,,,1
2026-08-20,090430,255780,-202233,78.1,0.624,137000.0,OPEN,,,,1
2026-08-20,000720,73537,21644,78.7,0.544,114200.0,CLOSED,105300.0,2026-08-21,-7.79,1
2026-08-20,031210,329780,-352696,61.0,0.714,43000.0,OPEN,,,,1
2026-08-20,375500,80707,98454,76.5,0.454,71300.0,OPEN,,,,1
2026-08-20,016380,96819,-6780,75.4,0.796,5440.0,OPEN,,,,1
2026-08-20,004310,169257,3,75.8,0.482,6150.0,OPEN,,,,1
2026-08-20,027740,77269,-30,68.1,0.764,1252.0,OPEN,,,,1
2026-08-20,417200,72051,-199152,73.8,0.489,11700.0,CLOSED,10880.0,2026-08-21,-7.01,1
2026-08-20,032820,218550,-385645,77.4,0.4,12160.0,OPEN,,,,1
2026-08-20,119850,424250,-88405,77.7,0.421,50700.0,OPEN,,,,1
2026-08-20,030530,119836,-141015,75.1,0.417,20100.0,OPEN,,,,1
2026-08-20,205500,139436,14914,67.4,0.786,1765.0,OPEN,,,,1
2026-08-20,264850,124749,0,61.8,0.556,6220.0,OPEN,,,,1
2026-08-20,147830,192745,-45324,67.5,0.474,6920.0,OPEN,,,,1
2026-08-20,088130,59739,-265,65.8,0.459,5420.0,OPEN,,,,1
2026-08-21,278470,202365,-190341,69.9,0.692,385000.0,OPEN,,,,0
2026-08-21,051900,60855,-47943,69.6,0.506,312500.0,OPEN,,,,0
2026-08-21,003690,63111,-27173,73.5,0.638,14420.0,OPEN,,,,0
2026-08-21,005420,60008,-63,66.5,0.413,9880.0,OPEN,,,,0
2026-08-21,000400,88040,65061,73.7,0.452,2040.0,OPEN,,,,0
2026-08-21,004920,62099,-46,65.1,0.64,913.0,OPEN,,,,0
2026-08-21,044380,55586,0,75.3,0.533,835.0,OPEN,,,,0
2026-08-21,067390,249928,-2127,76.6,0.0,506.0,OPEN,,,,0
2026-08-21,066590,62514,9334,75.9,0.294,2600.0,OPEN,,,,0
