{
  "gate": "RED",
  "score": 27,
  "status": "RISK_OFF",
  "reasons": [
    "BTC가 EMA50 아래 (하락 추세)",
    "EMA200 하락 중 (장기 약세)",
    "거래량 부족 (관심 저조)",
    "알트 breadth 붕괴 (10% > EMA50)"
  ],
  "metrics": {
    "btc_price": 70483.390625,
    "btc_ema50": 72176.07345340624,
    "btc_ema200": 86390.6111362452,
    "btc_ema200_slope_pct_20": -3.9682609584447115,
    "btc_volume_z_50": -0.33482559526113187,
    "btc_atrp_14_pct": 3.453413812442325,
    "alt_breadth_above_ema50": 0.1,
    "funding_rate": 1.466e-05,
    "open_interest_delta_z": null,
    "gate_score_components": {
      "trend": 0.0,
      "volatility": 14.0,
      "participation": 2.0,
      "breadth": 2.0,
      "leverage": 9.0
    },
    "fear_greed_index": 14,
    "fear_greed_class": "Extreme Fear"
  },
  "generated_at": "2026-03-25T12:00:19.105910"
}